comparator,scale,metric,statistic_type,window_frames,mode,n_surrogates,comparator_value,surrogate_mean,surrogate_std,surrogate_median,surrogate_min,surrogate_max,surrogate_q05,surrogate_q95,comparator_minus_surrogate_mean,z_effect_size,n_surrogate_ge_comparator,empirical_p_greater,comparator_above_all
dns_raw,4,mean_Pi,instantaneous,0,raw_zero,24,0.0391065441071987,0.002510174614144492,0.02207444369598001,3.061559982600007e-05,-0.0368143618106842,0.0424261912703514,-0.026126647926867,0.03190842149779199,0.03659636949305421,1.657861461746318,1,0.08,False
dns_raw,4,normalized_mean_Pi,instantaneous,0,raw_zero,24,0.2655904336688741,0.014871581819039624,0.11040272244069077,4.716513369359965e-05,-0.1970388936019324,0.2088546863416771,-0.12504074643144156,0.1602584848148049,0.25071885184983445,2.270948091742236,0,0.04,True
dns_raw,4,sign_bias_Pi,instantaneous,0,raw_zero,24,0.3308178125,0.005942897135416662,0.03865035699420515,-0.00098703125,-0.0759214062499999,0.06983609375,-0.048563953124999996,0.06055352343749989,0.3248749153645833,8.405482914770795,0,0.04,True
dns_raw,4,mean_I_w5,finite_time,5,raw_zero,24,0.0003910654820809,2.5101739693335384e-05,0.00022074440630066985,3.0614081920075387e-07,-0.0003681434841687,0.0004242618076044,-0.00026126657332065003,0.0003190842745084199,0.00036596374238756464,1.6578619069925402,1,0.08,False
dns_raw,4,normalized_mean_I_w5,finite_time,5,raw_zero,24,0.2719247608203761,0.015055377145793657,0.11167645264505544,4.894052932480006e-05,-0.1993947132895628,0.2112052742515656,-0.12644066787799163,0.1622671643014648,0.25686938367458245,2.300121266306676,0,0.04,True
dns_raw,4,sign_bias_I_w5,finite_time,5,raw_zero,24,0.3361015625,0.0060458984375,0.03923237358799075,-0.0007710937499999,-0.0774656249999999,0.0706859374999999,-0.04926613281249998,0.061594492187499975,0.33005566406250003,8.412839547478512,0,0.04,True
dns_raw,4,mean_I_w10,finite_time,10,raw_zero,24,0.0007821309641619,5.0203479386667285e-05,0.00044148881260135065,6.122816384015162e-07,-0.0007362869683374,0.0008485236152088,-0.000522533146641385,0.0006381685490168398,0.0007319274847752327,1.6578619069927334,1,0.08,False
dns_raw,4,normalized_mean_I_w10,finite_time,10,raw_zero,24,0.287798205895707,0.01551692756450475,0.11490221915011144,5.491714073005069e-05,-0.2053272518029691,0.2171051151997931,-0.1300146196666593,0.16739118940061115,0.27228127833120225,2.3696781519553287,0,0.04,True
dns_raw,4,sign_bias_I_w10,finite_time,10,raw_zero,24,0.348875,0.006265104166666666,0.04068170674551995,-0.00072421874999995,-0.0808546875,0.0732,-0.05105484374999991,0.06374109374999996,0.34260989583333334,8.421718832410173,0,0.04,True
dns_raw,4,mean_I_w20,finite_time,20,raw_zero,24,0.0015642619283239,0.00010040695877337107,0.0008829776252027447,1.2245632768030358e-06,-0.0014725739366749,0.0016970472304177,-0.001045066293282755,0.0012763370980337797,0.001463854969550529,1.6578619069927238,1,0.08,False
dns_raw,4,normalized_mean_I_w20,finite_time,20,raw_zero,24,0.3291868549639958,0.016612943477533445,0.12300411527693805,6.982920640070077e-05,-0.2203448461305492,0.2311445935313674,-0.1392530431165123,0.18041941131114209,0.31257391148646235,2.5411662917351725,0,0.04,True
dns_raw,4,sign_bias_I_w20,finite_time,20,raw_zero,24,0.3778375,0.006713281250000008,0.044073093163211965,0.0009328124999999999,-0.0886406249999999,0.07930625,-0.0557893749999999,0.06876359374999991,0.37112421875,8.420652877156789,0,0.04,True
dns_raw,8,mean_Pi,instantaneous,0,raw_zero,24,0.026933018118143,0.0007076354813762009,0.07856155128174215,0.00617633876390755,-0.1513230353593826,0.1522224247455597,-0.11630208455026139,0.12386013083159922,0.026225382636766797,0.33381956197269774,8,0.36,False
dns_raw,8,normalized_mean_Pi,instantaneous,0,raw_zero,24,0.3861159426048452,0.009683219967156412,0.2844945969823286,0.0145663939008422,-0.4122221672869615,0.5383274900938133,-0.35483243883815335,0.491164007264469,0.3764327226376888,1.3231629937108118,4,0.2,False
dns_raw,8,sign_bias_Pi,instantaneous,0,raw_zero,24,0.3699710648148148,0.0046711938175154405,0.11683450895016496,-0.00036132812500000005,-0.1761660879629629,0.2301699942129629,-0.1528668981481481,0.19487427662037035,0.3652998709972993,3.1266436113761196,0,0.04,True
dns_raw,8,mean_I_w5,finite_time,5,raw_zero,24,0.0002693301570927,7.07639488938314e-06,0.0007856155323935128,6.176339795324776e-05,-0.0015132299420578,0.0015222243543049,-0.0011630210360713748,0.0012386012543352549,0.00026225376220331684,0.33381947198054457,8,0.36,False
dns_raw,8,normalized_mean_I_w5,finite_time,5,raw_zero,24,0.389701315969339,0.009732840226939298,0.2860037403937837,0.01460108957841485,-0.4139068968600804,0.5419507791542253,-0.3565964994358045,0.493475065603883,0.37996847574239967,1.3285437289010307,4,0.2,False
dns_raw,8,sign_bias_I_w5,finite_time,5,raw_zero,24,0.371459056712963,0.004720805603780849,0.11751024443288242,-0.0005877459490741,-0.1771773726851851,0.2316840277777777,-0.1535791015625,0.19616446035879623,0.3667382511091821,3.1209045039358223,0,0.04,True
dns_raw,8,mean_I_w10,finite_time,10,raw_zero,24,0.0005386603141855,1.4152789778753777e-05,0.001571231064787076,0.0001235267959064955,-0.0030264598841157,0.0030444487086099,-0.002326042072142765,0.0024772025086705098,0.0005245075244067462,0.33381947198060546,8,0.36,False
dns_raw,8,normalized_mean_I_w10,finite_time,10,raw_zero,24,0.3999657421124153,0.009861586870180766,0.2902714865188072,0.014699342383746249,-0.4185946159675768,0.5521569871319616,-0.3616261393824136,0.5000233099955973,0.3901041552422345,1.343928609456992,4,0.2,False
dns_raw,8,sign_bias_I_w10,finite_time,10,raw_zero,24,0.3758029513888888,0.004731807002314813,0.11963209499133222,-0.0005353009259258999,-0.1805338541666666,0.2372540509259258,-0.1570106336805555,0.19902994791666664,0.371071144386574,3.1017691733431523,0,0.04,True
dns_raw,8,mean_I_w20,finite_time,20,raw_zero,24,0.001077320628371,2.830557955751666e-05,0.00314246212957419,0.00024705359181305,-0.0060529197682314,0.0060888974172199,-0.00465208414428553,0.004954405017341119,0.0010490150488134834,0.3338194719805986,8,0.36,False
dns_raw,8,normalized_mean_I_w20,finite_time,20,raw_zero,24,0.43330251260901,0.010289981297382483,0.3034716600467272,0.01498896731549235,-0.4332644677379149,0.5843527684213213,-0.37690901488683926,0.5207577008973444,0.4230125313116275,1.3939111521863161,3,0.16,False
dns_raw,8,sign_bias_I_w20,finite_time,20,raw_zero,24,0.3892505787037037,0.005280671296296294,0.12589929069005962,-0.0028718171296295996,-0.1887442129629629,0.2517795138888888,-0.16599464699074068,0.2112080439814814,0.38396990740740744,3.0498178766762805,0,0.04,True
