scale,metric,statistic_type,window_frames,mode,dns_value,reference_value,reference_minus_dns,absolute_relative_difference_vs_dns,surrogate_mean,retained_dns_null_separation
4,mean_Pi,instantaneous,0,raw_zero,0.0391065441071987,0.0425821393728256,0.0034755952656269004,0.08887502961395956,0.002510174614144492,1.094971039853736
4,normalized_mean_Pi,instantaneous,0,raw_zero,0.2655904336688741,0.2492167822397791,-0.01637365142909497,0.06165000449341818,0.014871581819039624,0.934693178002818
4,sign_bias_Pi,instantaneous,0,raw_zero,0.3308178125,0.29821390625,-0.03260390624999998,0.09855547379269362,0.005942897135416662,0.8996416629661572
4,mean_I_w5,finite_time,5,raw_zero,0.0003910654820809,0.000425821483034,3.47560009531e-05,0.08887514379474178,2.5101739693335384e-05,1.0949711595098197
4,normalized_mean_I_w5,finite_time,5,raw_zero,0.2719247608203761,0.255336310294174,-0.016588450526202114,0.06100382501452253,0.015055377145793657,0.93542067844404
4,sign_bias_I_w5,finite_time,5,raw_zero,0.3361015625,0.30380078125,-0.03230078125000002,0.09610422816763912,0.0060458984375,0.902135352405637
4,mean_I_w10,finite_time,10,raw_zero,0.0007821309641619,0.000851642966068,6.951200190610004e-05,0.08887514379460261,5.0203479386667285e-05,1.0949711595096698
4,normalized_mean_I_w10,finite_time,10,raw_zero,0.287798205895707,0.2706015795036849,-0.017196626392022074,0.05975237523980198,0.01551692756450475,0.9368424208325328
4,sign_bias_I_w10,finite_time,10,raw_zero,0.348875,0.31703125,-0.031843750000000004,0.0912755284844142,0.006265104166666666,0.9070553700074946
4,mean_I_w20,finite_time,20,raw_zero,0.0015642619283239,0.001703285932136,0.00013902400381210012,0.08887514379453303,0.00010040695877337107,1.0949711595095974
4,normalized_mean_I_w20,finite_time,20,raw_zero,0.3291868549639958,0.3101985260098731,-0.018988328954122724,0.057682524887573465,0.016612943477533445,0.9392517153340703
4,sign_bias_I_w20,finite_time,20,raw_zero,0.3778375,0.34799375,-0.029843750000000002,0.07898567505872234,0.006713281250000008,0.9195855498180148
8,mean_Pi,instantaneous,0,raw_zero,0.026933018118143,0.0296350512653589,0.002702033147215902,0.10032418703924313,0.0007076354813762009,1.103031219206227
8,normalized_mean_Pi,instantaneous,0,raw_zero,0.3861159426048452,0.3657210523073471,-0.020394890297498136,0.05282063765590343,0.009683219967156412,0.9458206232588129
8,sign_bias_Pi,instantaneous,0,raw_zero,0.3699710648148148,0.3417599826388888,-0.028211082175925994,0.07625213120395445,0.0046711938175154405,0.9227728110089188
8,mean_I_w5,finite_time,5,raw_zero,0.0002693301570927,0.0002963505620163,2.7020404923600017e-05,0.10032446873114154,7.07639488938314e-06,1.1030315244921138
8,normalized_mean_I_w5,finite_time,5,raw_zero,0.389701315969339,0.3691995510057309,-0.020501764963608116,0.05260891899379975,0.009732840226939298,0.9460435107845439
8,sign_bias_I_w5,finite_time,5,raw_zero,0.371459056712963,0.3434136284722222,-0.0280454282407408,0.07550072540676347,0.004720805603780849,0.9235273982031633
8,mean_I_w10,finite_time,10,raw_zero,0.0005386603141855,0.0005927011240327,5.4040809847199925e-05,0.10032446873112269,1.4152789778753777e-05,1.1030315244920914
8,normalized_mean_I_w10,finite_time,10,raw_zero,0.3999657421124153,0.3792228927899574,-0.0207428493224579,0.05186156497530198,0.009861586870180766,0.9468274073892455
8,sign_bias_I_w10,finite_time,10,raw_zero,0.3758029513888888,0.3486979166666667,-0.027105034722222088,0.07212565686897235,0.004731807002314813,0.9269546146816939
8,mean_I_w20,finite_time,20,raw_zero,0.001077320628371,0.0011854022480655,0.00010808161969449981,0.10032446873121548,2.830557955751666e-05,1.1030315244921876
8,normalized_mean_I_w20,finite_time,20,raw_zero,0.43330251260901,0.4115099794650366,-0.02179253314397339,0.05029403825229571,0.010289981297382483,0.9484825353130751
8,sign_bias_I_w20,finite_time,20,raw_zero,0.3892505787037037,0.3655671296296297,-0.023683449074074048,0.06084370934770482,0.005280671296296294,0.9383195177091184
