seed,phase_sha256,hermitian_error_max,unit_modulus_error_max,inverse_imaginary_ratio
2026072001,62e53185bec0b92c5029fe1f07d17770d0e6d3a61dee50798d120f5f8ab2968e,4.866644495633207e-13,4.440892098500626e-16,8.098137500795228e-16
2026072002,f25fe069480eb848e0ce94208c0842fda2a2057c2b3993469d60235c37ab159d,1.685059099971559e-13,4.440892098500626e-16,4.78968987552338e-16
2026072003,bf4f2df0f7f0c418ed2fa578a3614b4175fde740dcdbbd91029309ddbeb1be90,7.809320119444174e-14,4.440892098500626e-16,4.2753217687064097e-16
2026072004,0223a2eb4cf73d35b8066675a3375231d2d2eb653ac1ac78ea00cab2bbcb80c6,1.3550634732064568e-13,4.440892098500626e-16,5.35405867484979e-16
2026072005,049e75d712554da5d87f9e7885201b3517b584a7692d75550b5a6533ca2c8c68,1.172044837146784e-13,4.440892098500626e-16,4.4122836411945903e-16
2026072006,40b9788259ace9778c4665cf759bf8bc4724604e489c6f13f2ee6f37f182ef83,1.2001984605970364e-13,4.440892098500626e-16,4.594958176716405e-16
2026072007,fd976c3f4a0376b467371992f5c6b28348eaf9b5a9d2aa9c2074d26836cd8231,2.6307074263152735e-13,4.440892098500626e-16,5.769077706123118e-16
2026072008,ad3ef3c78974e9200dadecff221e1758d2a05198311d53af7bb0418602bcb82f,2.562116027468584e-13,4.440892098500626e-16,5.544343256466055e-16
2026072009,a19d6867f855295e482ac1f3ea7e29175df7a71c5d404a0dc22f362745ba0650,5.963274924659932e-14,4.440892098500626e-16,4.088176855891169e-16
2026072010,b3161b9515a6e2cc16cc517ae73f1bc49b756baede1ae5635d202fdd9b2fa5c8,7.808872245746986e-14,4.440892098500626e-16,4.0984268733040115e-16
2026072011,e83fc53aa3f13ec4753759570a8b66031d166db91c0edfa8f2ccc43c8913fa46,8.359175788932779e-14,4.440892098500626e-16,4.325081279523213e-16
2026072012,46f2ace043a7e6e2ce03f7d5990838b1076f125f02fc25b2c4fd2beff69cfc9f,8.822313060227688e-14,4.440892098500626e-16,4.1866703228688957e-16
2026072013,3153bdc69317179c6094e791f59ee5b542b7e7d5674d4a4a547967cdf414ab53,8.853943353062487e-14,4.440892098500626e-16,4.459036555643725e-16
2026072014,b7761ef0877219bda1f28eae11e89994424d613a255da23061cdc2dcbe72e491,6.767484130578552e-14,4.440892098500626e-16,4.29736459840113e-16
2026072015,f1653a9fe2a8630a17d6d4732fad5ac53f78747c757036408eb2c38ca024dd40,2.3953365361123577e-13,4.440892098500626e-16,5.276302129821315e-16
2026072016,474df2f50c4a1054002c5d5c636984bdc7d272d06a9e2e58235404bfd160ea71,9.094305689532698e-14,4.440892098500626e-16,4.393603442527672e-16
2026072017,aa5adeb0878a133eb6f361021fba29b1de7258fc79e6a95f30344a15a40866da,8.626768795142873e-14,4.440892098500626e-16,4.130372326884024e-16
2026072018,d4ed4cfa4a1d4f8c4c6b7050e87d723d164d6214094bc57bf03a2922fe2b1d36,1.2189632004210303e-13,4.440892098500626e-16,4.2135493351664206e-16
2026072019,cc86fd342df2453325ebc9fa9a0253d5456e4fb2f804cecf7c3bce3d5e80a513,2.4823037633872665e-13,4.440892098500626e-16,5.380388273219472e-16
2026072020,53b527853e6f527a6bd520baa2d5fa3abdbec9508df45c2cc731418c9878901f,1.0972896439020338e-13,4.440892098500626e-16,4.453020308975638e-16
2026072021,cad52dd46b592f9aad6365490ac58f4c3608e0704239db8090dbca788820d83b,1.0360498713617688e-13,4.440892098500626e-16,4.3550642119225544e-16
2026072022,de3e3a2e4199c46ff787da7a58cde74bfc52e518e75b45190a225adac96c287a,5.389941443482077e-14,4.440892098500626e-16,4.1823050249875055e-16
2026072023,a0ec2eb5879825b3e49bb3c478b6757446b0efe834fffc0a3fdad0ba7ebcf5d2,1.4094612524106817e-13,4.440892098500626e-16,4.549222692725772e-16
2026072024,0c294f0c6d5b453ffe411fa396dd998d86951f680a380dafc1330fa886f99839,7.13938595625328e-14,4.440892098500626e-16,4.239791486358445e-16
