seed,mean_Pi,normalized_mean_Pi,sign_bias_Pi,positive_frame_fraction,frame_mean_std,top10_abs_frame_share,max_abs_frame_over_median,exceeds_reference_mean
2026072001,-0.0317913182079792,-0.1357089025587881,-0.0454376446759259,0.0,0.015539024988675229,0.19222564297871692,1.9647442854846608,False
2026072002,0.0189010798931121,0.103794276818779,0.0254890046296296,1.0,0.008030536240803002,0.17837339772627764,1.8913092672267133,False
2026072003,-0.035824991762638,-0.1604277116754737,-0.0437174479166666,0.0,0.015880621476622316,0.1756417122652031,1.9384388189170023,False
2026072004,-0.1513230353593826,-0.4122221672869615,-0.1541485821759259,0.0,0.05323174239496405,0.1433458966918037,1.3316001337486383,False
2026072005,0.0409628339111804,0.1375527137017145,0.0369357638888888,0.72,0.04895548116950069,0.2234350639310856,2.4567800941925673,True
2026072006,0.1240248531103134,0.4025392009600002,0.1501294849537037,1.0,0.03871675403908848,0.15998945324452912,1.789056072998199,True
2026072007,0.0236387141048908,0.0759406441531007,-0.0112680844907407,0.96,0.015005357360680737,0.22552392954351097,3.3190588769319582,False
2026072008,0.0398010872304439,0.1692556998207515,0.0854275173611111,0.94,0.028283152505314314,0.21146936635645977,2.6534477912630567,True
2026072009,0.1522224247455597,0.49160205555678,0.1941167534722222,1.0,0.04502203369294314,0.1406186578295952,1.408098102424074,True
2026072010,-0.1012394204735755,-0.3563425399006614,-0.1761660879629629,0.0,0.018823119676992652,0.1338333334991644,1.3653874164728061,False
2026072011,-0.0138423694297671,-0.0722980928531452,-0.0012876157407407,0.21,0.015454879038559806,0.24042311350367465,3.5807681347570837,False
2026072012,0.1076542139053344,0.4886817336080402,0.1950079571759259,1.0,0.030611119615404737,0.15325237008889672,1.77932318715313,True
2026072013,-0.0886967331171035,-0.2394174970655721,-0.0700528067129629,0.0,0.04903383296009085,0.18333159004748217,2.674272849565707,False
2026072014,0.0418198481202125,0.1361062204495136,0.0557342303240741,0.76,0.05733290866886089,0.16036099266995377,1.549758250175237,True
2026072015,0.0517717190086841,0.2682149799796488,0.1069372106481481,1.0,0.01250489160706691,0.13590443777624361,1.4520424712332718,True
2026072016,0.0151989534497261,0.0440484500583175,0.0677842881944444,0.64,0.025712180081568784,0.2925940291546836,3.9642438784089937,False
2026072017,-0.002846275921911,-0.0149156622566331,0.0005649594907407,0.39,0.012592766790513585,0.265143257062427,3.8461125293850156,False
2026072018,0.0187533237040042,0.0880681961318451,0.0428197337962963,0.75,0.018861433834061567,0.199989436959662,2.1079492370167934,False
2026072019,-0.0558938086032867,-0.2669872817373971,-0.1228956886574074,0.0,0.012121414313883453,0.12193017530431888,1.2402373124592767,False
2026072020,-0.1189602017402648,-0.3462751994839412,-0.1278204571759259,0.0,0.08624555054133223,0.21128662959313108,3.2807142608263127,False
2026072021,0.1229267045855522,0.5383274900938133,0.2301699942129629,1.0,0.044979122887312935,0.16708374088133351,1.9488645903917072,True
2026072022,-0.0526632629334926,-0.2827505466924954,-0.1456040219907407,0.0,0.012132294030515812,0.13203528026674147,1.2682980160794377,False
2026072023,-0.0517401359975338,-0.2453526241762186,-0.1005982349537036,0.0,0.01894051765814337,0.16554651041963792,1.7802027000263643,False
2026072024,-0.0358709506690502,-0.1790361564332631,-0.080011574074074,0.0,0.02591992785634476,0.24405526743336484,3.5265133717952444,False
