repository_path,source_archive_member,upstream_sha256,repository_sha256,changed
code/legacy/acquisition/download_channel_center_pilot.py,project/src/acquisition/download_channel_center_pilot.py,78b4eb54346e0dc20d594a7296fdecdebd4af88fb86d3256ee94cff45717eefd,62a29fba171fdc00d0b8b6a7fa4d5c69fadd969736e79a05def2634c05f60b6d,True
code/legacy/acquisition/download_channel_heldout_100frames.py,project/src/acquisition/download_channel_heldout_100frames.py,6b7e863c49e3ae90a6088d7e66a337db0e2ad64378eb0fa7a895c6a7941f0532,03140648147a3bdde979bb9572e5a212e0d1e409b635a23a703deb349d3586e0,True
code/legacy/acquisition/download_independent_isotropic_block.py,project/src/acquisition/download_independent_isotropic_block.py,2473bd708e6824c2ba9f46c17397db31972f63b9a8d53ba98b3e8b73081f9422,6d571b3da3e7bde54c79292b52f62e717dcabbc2926dd2edd95109c4b98e633d,True
code/legacy/acquisition/download_isotropic1024coarse_64cube_100frames.py,project/src/acquisition/download_isotropic1024coarse_64cube_100frames.py,c2eaaf019c2e8586d77f5b7d2270386a762dc38d7f6be5f016e31d923535bdd9,2581f4a03321294fd878fe3425f09ca1837092ed09486345b7f06552af989f0f,True
code/legacy/analysis/aggregate_amplitude_matched_3x3.py,project/src/analysis/aggregate_amplitude_matched_3x3.py,5c5d0a277b1200c213e53490fb4338d2403ef6ff7b1c8b7a48931f46b1b99ef1,5c5d0a277b1200c213e53490fb4338d2403ef6ff7b1c8b7a48931f46b1b99ef1,False
code/legacy/analysis/aggregate_channel_xz_formal.py,project/src/analysis/aggregate_channel_xz_formal.py,4bd92d611e62dea2c709bd36f15ebe11c4b0025a3fec546f9073b7581d1e5339,4bd92d611e62dea2c709bd36f15ebe11c4b0025a3fec546f9073b7581d1e5339,False
code/legacy/analysis/aggregate_clark_mechanism_v3_ensemble.py,project/src/analysis/aggregate_clark_mechanism_v3_ensemble.py,263be2dea49f2d785e43e6f0268d1514b4fe2d92cb7d5467e1889bce1decb873,2c8fd0afad21ae88436a21fc8aea2bde1e2741e0726b090b0c44b71d188c6b62,True
code/legacy/analysis/aggregate_dynamic_recovery_heldout_3x3.py,project/src/analysis/aggregate_dynamic_recovery_heldout_3x3.py,43f73955633131da3f4150dd00c51ca7eaf2a7be4769a952608e268d7be546a6,43f73955633131da3f4150dd00c51ca7eaf2a7be4769a952608e268d7be546a6,False
code/legacy/analysis/aggregate_isotropic_rep2_formal.py,project/src/analysis/aggregate_isotropic_rep2_formal.py,05fcc07d6766740257ea3ff4c356f7fa4f6b031d3f0eaad9e10a73ea3ee4b7db,05fcc07d6766740257ea3ff4c356f7fa4f6b031d3f0eaad9e10a73ea3ee4b7db,False
code/legacy/analysis/aggregate_phase_ensemble_64cube.py,project/src/analysis/aggregate_phase_ensemble_64cube.py,811724738f7d7e56c48136e86892c2d66cf10fd8c96170c44aa50499d74c138b,811724738f7d7e56c48136e86892c2d66cf10fd8c96170c44aa50499d74c138b,False
code/legacy/analysis/build_clark_arrow_synthesis.py,project/src/analysis/build_clark_arrow_synthesis.py,99e7aaa2a8c1370b993721f9ef05ecdc824fd57be455ac5a95a4d85d42de2ed7,99e7aaa2a8c1370b993721f9ef05ecdc824fd57be455ac5a95a4d85d42de2ed7,False
code/legacy/analysis/compute_pop_amp_isotropic.py,project/src/analysis/compute_pop_amp_isotropic.py,01a8fe931a09e0e201071a0104c1fcc5955930b4c07007319aab3daf42fcdd6e,01a8fe931a09e0e201071a0104c1fcc5955930b4c07007319aab3daf42fcdd6e,False
code/legacy/analysis/run_amplitude_matched_3x3.sh,project/src/analysis/run_amplitude_matched_3x3.sh,12f7bbab98b8236029f33458f846942bf724f47953ecd5bc39f64162c318f03e,369c036a120786cdd74b606b0dce2c0db94bbd480625bc4a4baaaa400f6560c8,True
code/legacy/analysis/run_channel_xz_formal_24seeds.sh,project/src/analysis/run_channel_xz_formal_24seeds.sh,c1a98f611e7d18afb04838362f3b2ba5b6b3e047c06ef70a057d7b00d1d9397a,a2466d6b6878a050ebdf21e3895bf5a6a65cc6b56bed439cf479c3f8f171825a,True
code/legacy/analysis/run_clark_mechanism_v3_ensemble.sh,project/src/analysis/run_clark_mechanism_v3_ensemble.sh,75d484a88e624c99cbbc4598ab307d9d9af4a7c33da3e12b7d502e1e883f0ff0,9277ce8384673154893fe3cf945ebadefaac0aed35ec5599d87ae495a5765a32,True
code/legacy/analysis/run_dynamic_recovery_heldout_3x3.sh,project/src/analysis/run_dynamic_recovery_heldout_3x3.sh,a1e9c2bf98c88f3e9cfa64cf2eafb8b49a1e6e434bc695bc48ada7a75a951c42,f63a985903daadb1eb3729d1c43807fef09ee0085dce928570e01ccf051d36ca,True
code/legacy/analysis/run_dynamic_recovery_smoke.py,project/src/analysis/run_dynamic_recovery_smoke.py,9c8811480cf9d089e62feea9e7a795ea5da1e069b4cdb57a944d23958a626139,9c8811480cf9d089e62feea9e7a795ea5da1e069b4cdb57a944d23958a626139,False
code/legacy/analysis/run_independent_replication_24seeds.sh,project/src/analysis/run_independent_replication_24seeds.sh,63e8050737af8a408aede4f7917822ae0d734d6558faf383961cb12ecf534899,399d1be0af1e70f077524664f2297e65c2df920de9bd6c447af7d6dfc40dad87,True
code/legacy/observables/clark_mechanism_v3_one_seed.py,project/src/observables/clark_mechanism_v3_one_seed.py,16e0c8c85102b3cc0c1144e1ff44fbfc1d179ee97500f6f4458862a2e78d8971,16e0c8c85102b3cc0c1144e1ff44fbfc1d179ee97500f6f4458862a2e78d8971,False
code/legacy/observables/compute_clark_mechanism_64cube.py,project/src/observables/compute_clark_mechanism_64cube.py,b2ff74c5c9d5cf624ef6b9b00c0c3644186a3a8c351dc2631762893fab484bde,b2ff74c5c9d5cf624ef6b9b00c0c3644186a3a8c351dc2631762893fab484bde,False
code/legacy/observables/eulerian_finite_time_arrow_axisfixed_64cube_v3.py,project/src/observables/eulerian_finite_time_arrow_axisfixed_64cube_v3.py,e95f7499d1e489051e97a988dbd11e20d7d21b8f2f9fd97572fc3b029c5cbbc9,e95f7499d1e489051e97a988dbd11e20d7d21b8f2f9fd97572fc3b029c5cbbc9,False
code/legacy/observables/run_spectral_dns_short_audit.py,project/src/observables/run_spectral_dns_short_audit.py,cad686f06c91ab99844b6331c1f701f2c525452e14a3b67e2fb8f51ab4eb90b2,cad686f06c91ab99844b6331c1f701f2c525452e14a3b67e2fb8f51ab4eb90b2,False
code/legacy/observables/run_spectral_dns_spinup.py,project/src/observables/run_spectral_dns_spinup.py,44232a142cf1b437e4c0256ae8533ec12dc10db8c6ab10372f73cbdb7a17f18e,44232a142cf1b437e4c0256ae8533ec12dc10db8c6ab10372f73cbdb7a17f18e,False
code/legacy/observables/spectral_dns_core.py,project/src/observables/spectral_dns_core.py,5f040091e15a3a28a141840e0b13035820fa492841751b19718bf3fec7c8b159,5f040091e15a3a28a141840e0b13035820fa492841751b19718bf3fec7c8b159,False
code/legacy/portable/__init__.py,project/src/portable/__init__.py,e36b73edbed0f2aab8040e50449d3443809089bed34fa35e22d4dd1ce916be65,e36b73edbed0f2aab8040e50449d3443809089bed34fa35e22d4dd1ce916be65,False
code/legacy/portable/paths.py,project/src/portable/paths.py,3e24de316a89b0c177a407d9b770e544cd9b16bde2eab2184995ea3cdebede93,3e24de316a89b0c177a407d9b770e544cd9b16bde2eab2184995ea3cdebede93,False
code/legacy/preprocessing/prepare_channel_uniform_y_dataset.py,project/src/preprocessing/prepare_channel_uniform_y_dataset.py,e3c06cfafa0cb460ab8d248076c9ee3174633275b41f6b356ca39c35efd51ebf,e3c06cfafa0cb460ab8d248076c9ee3174633275b41f6b356ca39c35efd51ebf,False
code/legacy/surrogate/make_df_phase_randomized_dataset_64cube.py,project/src/surrogate/make_df_phase_randomized_dataset_64cube.py,531497ea3a70fefd1053ee5fd4b55cb4f6a662dbb0dd76214aa1f6f32295a029,531497ea3a70fefd1053ee5fd4b55cb4f6a662dbb0dd76214aa1f6f32295a029,False
code/legacy/surrogate/run_amplitude_matched_frozen_counterfactual.py,project/src/surrogate/run_amplitude_matched_frozen_counterfactual.py,67c6791b2f428675333b49dc9af6c74b6e7b00cde372bf1822c7e23803818c6c,67c6791b2f428675333b49dc9af6c74b6e7b00cde372bf1822c7e23803818c6c,False
code/legacy/validation/check_portable_core.py,project/src/validation/check_portable_core.py,1e7d8974643ecfbfbeb86519945cc82cc49b137aaea221db99184ef498b6e21b,1e7d8974643ecfbfbeb86519945cc82cc49b137aaea221db99184ef498b6e21b,False
code/legacy/validation/df_phase_randomization_gate_64cube.py,project/src/validation/df_phase_randomization_gate_64cube.py,76f6119fd16572459dbe5ddd3bd10d01dd9712440f3cebff673d48ad4fc49a98,76f6119fd16572459dbe5ddd3bd10d01dd9712440f3cebff673d48ad4fc49a98,False
code/legacy/validation/phase_control_full_validation.py,project/src/validation/phase_control_full_validation.py,65c3a1c9e554d449d3333d8c4202af97c6b301d9753bd5f41c32f16e8ddf225a,65c3a1c9e554d449d3333d8c4202af97c6b301d9753bd5f41c32f16e8ddf225a,False
code/legacy/validation/phase_control_seed_screen.py,project/src/validation/phase_control_seed_screen.py,2b5d84a53133448ac3fe6b944ca79d2190ed1f1df7a899bf8875df7bc364ade4,2b5d84a53133448ac3fe6b944ca79d2190ed1f1df7a899bf8875df7bc364ade4,False
code/legacy/validation/test_spectral_dns_core.py,project/src/validation/test_spectral_dns_core.py,fa41b3a23d0de45a760418f41efdcd68a4e81722681c7e9847592c5aa33aa991,fa41b3a23d0de45a760418f41efdcd68a4e81722681c7e9847592c5aa33aa991,False
code/legacy/validation/validate_phase_seed_64cube.py,project/src/validation/validate_phase_seed_64cube.py,36cea4eb2e2cd5b0fbda775913cbc638a2178fd9ab2cc9b75211eef48272a1e4,36cea4eb2e2cd5b0fbda775913cbc638a2178fd9ab2cc9b75211eef48272a1e4,False
code/numerics/spectral_dns_core.py,project/src/observables/spectral_dns_core.py,5f040091e15a3a28a141840e0b13035820fa492841751b19718bf3fec7c8b159,5f040091e15a3a28a141840e0b13035820fa492841751b19718bf3fec7c8b159,False
code/numerics/df_phase_randomization_gate_64cube.py,project/src/validation/df_phase_randomization_gate_64cube.py,76f6119fd16572459dbe5ddd3bd10d01dd9712440f3cebff673d48ad4fc49a98,76f6119fd16572459dbe5ddd3bd10d01dd9712440f3cebff673d48ad4fc49a98,False
code/numerics/run_spectral_dns_short_audit.py,project/src/observables/run_spectral_dns_short_audit.py,cad686f06c91ab99844b6331c1f701f2c525452e14a3b67e2fb8f51ab4eb90b2,cad686f06c91ab99844b6331c1f701f2c525452e14a3b67e2fb8f51ab4eb90b2,False
code/numerics/run_spectral_dns_spinup.py,project/src/observables/run_spectral_dns_spinup.py,44232a142cf1b437e4c0256ae8533ec12dc10db8c6ab10372f73cbdb7a17f18e,44232a142cf1b437e4c0256ae8533ec12dc10db8c6ab10372f73cbdb7a17f18e,False
code/numerics/run_dynamic_recovery_smoke.py,project/src/analysis/run_dynamic_recovery_smoke.py,9c8811480cf9d089e62feea9e7a795ea5da1e069b4cdb57a944d23958a626139,811c34004b44efebc4ed9573d84da23baf702d7870e0b58386ab9c7761a3f861,True
code/numerics/run_amplitude_matched_frozen_counterfactual.py,project/src/surrogate/run_amplitude_matched_frozen_counterfactual.py,67c6791b2f428675333b49dc9af6c74b6e7b00cde372bf1822c7e23803818c6c,7371b1960b62f1dacabed29f9664e5b55cb4ce640736f37753489d3409f9c174,True
code/numerics/make_df_phase_randomized_dataset_64cube.py,project/src/surrogate/make_df_phase_randomized_dataset_64cube.py,531497ea3a70fefd1053ee5fd4b55cb4f6a662dbb0dd76214aa1f6f32295a029,67d18a32b670eea5766fd9ccdc7f6f78d2eef66fcade640e6106b1d1924321e2,True
code/numerics/test_spectral_dns_core.py,project/src/validation/test_spectral_dns_core.py,fa41b3a23d0de45a760418f41efdcd68a4e81722681c7e9847592c5aa33aa991,4cfd689244026733b31352cfa4f52e18b6ee82900c62c52c49a7003813ee252b,True
code/numerics/validate_phase_seed_64cube.py,project/src/validation/validate_phase_seed_64cube.py,36cea4eb2e2cd5b0fbda775913cbc638a2178fd9ab2cc9b75211eef48272a1e4,36cea4eb2e2cd5b0fbda775913cbc638a2178fd9ab2cc9b75211eef48272a1e4,False
code/numerics/aggregate_phase_ensemble_64cube.py,project/src/analysis/aggregate_phase_ensemble_64cube.py,811724738f7d7e56c48136e86892c2d66cf10fd8c96170c44aa50499d74c138b,811724738f7d7e56c48136e86892c2d66cf10fd8c96170c44aa50499d74c138b,False
code/numerics/aggregate_isotropic_rep2_formal.py,project/src/analysis/aggregate_isotropic_rep2_formal.py,05fcc07d6766740257ea3ff4c356f7fa4f6b031d3f0eaad9e10a73ea3ee4b7db,05fcc07d6766740257ea3ff4c356f7fa4f6b031d3f0eaad9e10a73ea3ee4b7db,False
code/numerics/population_amplitude.py,project/src/analysis/compute_pop_amp_isotropic.py,01a8fe931a09e0e201071a0104c1fcc5955930b4c07007319aab3daf42fcdd6e,e90279fe2fd365e637e3187e284de1a2ab0977d1961483462bf77a9d6887b353,True
data/paper_sources/audits/checkpoint_1750/seed_2026074101/amplitude_match_audit.csv,project/data/processed/dynamic_recovery/amplitude_matched_3x3/checkpoint_1750/seed_2026074101/amplitude_match_audit.csv,ce88821fe22276261be9a3c3da0cca6eadcd7b5696bc00a03f2c648ac507686d,ce88821fe22276261be9a3c3da0cca6eadcd7b5696bc00a03f2c648ac507686d,False
data/paper_sources/audits/checkpoint_1750/seed_2026074102/amplitude_match_audit.csv,project/data/processed/dynamic_recovery/amplitude_matched_3x3/checkpoint_1750/seed_2026074102/amplitude_match_audit.csv,4456b94f185c67c3cf0bdea6ae33bd3935a944e54df9f0b00bd5cd3b8f5808b4,4456b94f185c67c3cf0bdea6ae33bd3935a944e54df9f0b00bd5cd3b8f5808b4,False
data/paper_sources/audits/checkpoint_1750/seed_2026074103/amplitude_match_audit.csv,project/data/processed/dynamic_recovery/amplitude_matched_3x3/checkpoint_1750/seed_2026074103/amplitude_match_audit.csv,18c96ebcbf26f909bc858a9b1af436b78aa82aa6c2b5e5e9f34c8c01b8cddf80,18c96ebcbf26f909bc858a9b1af436b78aa82aa6c2b5e5e9f34c8c01b8cddf80,False
data/paper_sources/audits/checkpoint_2250/seed_2026074101/amplitude_match_audit.csv,project/data/processed/dynamic_recovery/amplitude_matched_3x3/checkpoint_2250/seed_2026074101/amplitude_match_audit.csv,276377db216231aa51367f1364d4ac2038fddce6ae5b143f7533d6ba6182667e,276377db216231aa51367f1364d4ac2038fddce6ae5b143f7533d6ba6182667e,False
data/paper_sources/audits/checkpoint_2250/seed_2026074102/amplitude_match_audit.csv,project/data/processed/dynamic_recovery/amplitude_matched_3x3/checkpoint_2250/seed_2026074102/amplitude_match_audit.csv,cd007fe24f3552e9381f40d8aacef2037a76df02856162430b3b5e34461e43dd,cd007fe24f3552e9381f40d8aacef2037a76df02856162430b3b5e34461e43dd,False
data/paper_sources/audits/checkpoint_2250/seed_2026074103/amplitude_match_audit.csv,project/data/processed/dynamic_recovery/amplitude_matched_3x3/checkpoint_2250/seed_2026074103/amplitude_match_audit.csv,ea39ee1de4a37106a3ab74cc56d5fc674ce53dc71014348d644784d93d817a93,ea39ee1de4a37106a3ab74cc56d5fc674ce53dc71014348d644784d93d817a93,False
data/paper_sources/audits/checkpoint_2750/seed_2026074101/amplitude_match_audit.csv,project/data/processed/dynamic_recovery/amplitude_matched_3x3/checkpoint_2750/seed_2026074101/amplitude_match_audit.csv,f1e9db36cfe67eee88316956c15fc4b496d9c770a08a59fc8f5d9fecd1f0c2cd,f1e9db36cfe67eee88316956c15fc4b496d9c770a08a59fc8f5d9fecd1f0c2cd,False
data/paper_sources/audits/checkpoint_2750/seed_2026074102/amplitude_match_audit.csv,project/data/processed/dynamic_recovery/amplitude_matched_3x3/checkpoint_2750/seed_2026074102/amplitude_match_audit.csv,dc3cc2010139f1f8e5be2753bb7792fe78818ac5f2223cc44aca9a33e9e93bd9,dc3cc2010139f1f8e5be2753bb7792fe78818ac5f2223cc44aca9a33e9e93bd9,False
data/paper_sources/audits/checkpoint_2750/seed_2026074103/amplitude_match_audit.csv,project/data/processed/dynamic_recovery/amplitude_matched_3x3/checkpoint_2750/seed_2026074103/amplitude_match_audit.csv,bd61c646fe425868f8d6a3d10d25adfc10b401fe1b55fbd78cfe9f5a5921bb03,bd61c646fe425868f8d6a3d10d25adfc10b401fe1b55fbd78cfe9f5a5921bb03,False
data/paper_sources/definition_code/clark_mechanism_v3_one_seed.py,project/src/observables/clark_mechanism_v3_one_seed.py,16e0c8c85102b3cc0c1144e1ff44fbfc1d179ee97500f6f4458862a2e78d8971,16e0c8c85102b3cc0c1144e1ff44fbfc1d179ee97500f6f4458862a2e78d8971,False
data/paper_sources/definition_code/df_phase_randomization_gate_64cube.py,project/src/validation/df_phase_randomization_gate_64cube.py,76f6119fd16572459dbe5ddd3bd10d01dd9712440f3cebff673d48ad4fc49a98,76f6119fd16572459dbe5ddd3bd10d01dd9712440f3cebff673d48ad4fc49a98,False
data/paper_sources/definition_code/eulerian_finite_time_arrow_axisfixed_64cube_v3.py,phase_ensemble_v1/releases/64_main32_v1/eulerian_finite_time_arrow_axisfixed_64cube_v3.py|project/src/observables/eulerian_finite_time_arrow_axisfixed_64cube_v3.py,e95f7499d1e489051e97a988dbd11e20d7d21b8f2f9fd97572fc3b029c5cbbc9,e95f7499d1e489051e97a988dbd11e20d7d21b8f2f9fd97572fc3b029c5cbbc9,False
data/paper_sources/definition_code/gate3_kernel_convention.json,project/results/validation/spectral_energy/gate3_exact_bispectrum_16cube_smoke/gate3_kernel_convention.json|project/results/validation/spectral_energy/gate3_exact_bispectrum_16cube/gate3_kernel_convention.json,54443150b479524f4a4383b186e4ebead8a13dc650f9e0151196527491bb91ce,54443150b479524f4a4383b186e4ebead8a13dc650f9e0151196527491bb91ce,False
data/paper_sources/definition_code/validate_phase_seed_64cube.py,phase_ensemble_v1/releases/64_main32_v1/validate_phase_seed_64cube.py|project/src/validation/validate_phase_seed_64cube.py,36cea4eb2e2cd5b0fbda775913cbc638a2178fd9ab2cc9b75211eef48272a1e4,36cea4eb2e2cd5b0fbda775913cbc638a2178fd9ab2cc9b75211eef48272a1e4,False
data/paper_sources/dynamic_audits/amplitude_matched_3x3_numerical_audit.csv,project/data/processed/dynamic_recovery/amplitude_matched_3x3_aggregate/amplitude_matched_3x3_numerical_audit.csv,ea5751d403904fa077e5977f958ce4e0ee6268c5ec5fb2555c472aa2e78f7ca7,ea5751d403904fa077e5977f958ce4e0ee6268c5ec5fb2555c472aa2e78f7ca7,False
data/paper_sources/dynamic_audits/heldout_3x3_numerical_audit.csv,project/data/processed/dynamic_recovery/heldout_3x3_aggregate/heldout_3x3_numerical_audit.csv,2bc285e54742023adcff21e3fd7acd5dce01550276d650e39738b54af46e8347,2bc285e54742023adcff21e3fd7acd5dce01550276d650e39738b54af46e8347,False
data/paper_sources/figure_ready/clark_association/clark_arrow_synthesis_instantaneous.csv,project/data/figure_ready/clark_association/clark_arrow_synthesis_instantaneous.csv,8e0cdbf45e3ceaeb714bad22f409822a4bee49f924778b29a6aea40a9351f311,8e0cdbf45e3ceaeb714bad22f409822a4bee49f924778b29a6aea40a9351f311,False
data/paper_sources/figure_ready/clark_association/clark_arrow_synthesis_instantaneous.metadata.json,project/data/figure_ready/clark_association/clark_arrow_synthesis_instantaneous.metadata.json,a2f14499dafd00ceacfa305c3d6f955d7edee53bc5a16fb4ed3a5de7820b7ebe,a2f14499dafd00ceacfa305c3d6f955d7edee53bc5a16fb4ed3a5de7820b7ebe,False
data/paper_sources/figure_ready/clark_association/clark_arrow_synthesis_window10.csv,project/data/figure_ready/clark_association/clark_arrow_synthesis_window10.csv,d7e98efa93ed46eb09940f451d7bfc73ef76519e12952c77cce2b19f88bd8226,d7e98efa93ed46eb09940f451d7bfc73ef76519e12952c77cce2b19f88bd8226,False
data/paper_sources/figure_ready/clark_association/clark_arrow_synthesis_window10.metadata.json,project/data/figure_ready/clark_association/clark_arrow_synthesis_window10.metadata.json,5c1757f516efa1450a2989966478b45008fd2ca5eacc2878a75fe854a103f6b6,5c1757f516efa1450a2989966478b45008fd2ca5eacc2878a75fe854a103f6b6,False
data/paper_sources/figure_ready/clark_association/mechanism_dns_vs_surrogate_finite_time_v3.csv,project/data/figure_ready/clark_association/mechanism_dns_vs_surrogate_finite_time_v3.csv,0f12d123c6b96a43a039c8e258740aab359ba631d6f073c5b0f45cf608bf84f7,0f12d123c6b96a43a039c8e258740aab359ba631d6f073c5b0f45cf608bf84f7,False
data/paper_sources/figure_ready/clark_association/mechanism_dns_vs_surrogate_finite_time_v3.metadata.json,project/data/figure_ready/clark_association/mechanism_dns_vs_surrogate_finite_time_v3.metadata.json,f1691c8b7fe75ed68ae0b2f7699af398d3b9b12f7e29d63d1eb68876f7ef60d5,f1691c8b7fe75ed68ae0b2f7699af398d3b9b12f7e29d63d1eb68876f7ef60d5,False
data/paper_sources/figure_ready/clark_association/mechanism_dns_vs_surrogate_instantaneous_v3.csv,project/data/figure_ready/clark_association/mechanism_dns_vs_surrogate_instantaneous_v3.csv,8b2405a5169d7068493f84d68a82ab45dca1accc06303edd9a7c7dfd8c33c44c,8b2405a5169d7068493f84d68a82ab45dca1accc06303edd9a7c7dfd8c33c44c,False
data/paper_sources/figure_ready/clark_association/mechanism_dns_vs_surrogate_instantaneous_v3.metadata.json,project/data/figure_ready/clark_association/mechanism_dns_vs_surrogate_instantaneous_v3.metadata.json,994bad55dc373104fd4424a9b26f52da39405995ec7b8ec8b01c7f0ab652fb91,994bad55dc373104fd4424a9b26f52da39405995ec7b8ec8b01c7f0ab652fb91,False
data/paper_sources/figure_ready/dynamic_recovery/amplitude_matched_3x3_case_summary.csv,project/data/figure_ready/dynamic_recovery/amplitude_matched_3x3_case_summary.csv|project/data/processed/dynamic_recovery/amplitude_matched_3x3_aggregate/amplitude_matched_3x3_case_summary.csv,e74cec90406e2e90e3855684ca0496323afdc3a8fbf365e6e09ce99d9681b8cc,e74cec90406e2e90e3855684ca0496323afdc3a8fbf365e6e09ce99d9681b8cc,False
data/paper_sources/figure_ready/dynamic_recovery/amplitude_matched_3x3_case_summary.metadata.json,project/data/figure_ready/dynamic_recovery/amplitude_matched_3x3_case_summary.metadata.json,5e6b9dbc38efcd66c6c6e099875808cfc047409af1de8af5d56d3da40e77f476,5e6b9dbc38efcd66c6c6e099875808cfc047409af1de8af5d56d3da40e77f476,False
data/paper_sources/figure_ready/dynamic_recovery/amplitude_matched_3x3_long.csv,project/data/figure_ready/dynamic_recovery/amplitude_matched_3x3_long.csv|project/data/processed/dynamic_recovery/amplitude_matched_3x3_aggregate/amplitude_matched_3x3_long.csv,5437cbbbe1e1d8b663273039b362155461950813d5bd851bd5e19b8b044e555a,5437cbbbe1e1d8b663273039b362155461950813d5bd851bd5e19b8b044e555a,False
data/paper_sources/figure_ready/dynamic_recovery/amplitude_matched_3x3_long.metadata.json,project/data/figure_ready/dynamic_recovery/amplitude_matched_3x3_long.metadata.json,b49401f4fc4ac64828085204302018d3108b8fff2a5b91c34d65467540b5e786,b49401f4fc4ac64828085204302018d3108b8fff2a5b91c34d65467540b5e786,False
data/paper_sources/figure_ready/dynamic_recovery/amplitude_matched_3x3_metric_summary.csv,project/data/figure_ready/dynamic_recovery/amplitude_matched_3x3_metric_summary.csv|project/data/processed/dynamic_recovery/amplitude_matched_3x3_aggregate/amplitude_matched_3x3_metric_summary.csv,5c667bb99d102abe9b53b3b96f2e309e5c0aa0840a9107ec510bf4e8b7817784,5c667bb99d102abe9b53b3b96f2e309e5c0aa0840a9107ec510bf4e8b7817784,False
data/paper_sources/figure_ready/dynamic_recovery/amplitude_matched_3x3_metric_summary.metadata.json,project/data/figure_ready/dynamic_recovery/amplitude_matched_3x3_metric_summary.metadata.json,2ed955e3a7d561cacc985471782493171254dbf995ad21e3fd592252a921d4c1,2ed955e3a7d561cacc985471782493171254dbf995ad21e3fd592252a921d4c1,False
data/paper_sources/figure_ready/dynamic_recovery/heldout_3x3_case_summary.csv,project/data/figure_ready/dynamic_recovery/heldout_3x3_case_summary.csv|project/data/processed/dynamic_recovery/heldout_3x3_aggregate/heldout_3x3_case_summary.csv,64bb3e7d5e458be4525c369d5d4787f4a9a06830e9f3945ff0120324b4853934,64bb3e7d5e458be4525c369d5d4787f4a9a06830e9f3945ff0120324b4853934,False
data/paper_sources/figure_ready/dynamic_recovery/heldout_3x3_case_summary.metadata.json,project/data/figure_ready/dynamic_recovery/heldout_3x3_case_summary.metadata.json,0e403129106aa3c36dda1f5e6a1890f58cd37c9ac9e7cefed57990cc35595795,0e403129106aa3c36dda1f5e6a1890f58cd37c9ac9e7cefed57990cc35595795,False
data/paper_sources/figure_ready/dynamic_recovery/heldout_3x3_metric_summary.csv,project/data/figure_ready/dynamic_recovery/heldout_3x3_metric_summary.csv|project/data/processed/dynamic_recovery/heldout_3x3_aggregate/heldout_3x3_metric_summary.csv,6e2d8ac23ac610061731c5c4d6c4362f5f55e7ab925d906411c32614741c1e38,6e2d8ac23ac610061731c5c4d6c4362f5f55e7ab925d906411c32614741c1e38,False
data/paper_sources/figure_ready/dynamic_recovery/heldout_3x3_metric_summary.metadata.json,project/data/figure_ready/dynamic_recovery/heldout_3x3_metric_summary.metadata.json,d24a520f73e6693f1d25192c6003c9e3529865f80081fb6485e07efc5cb639c4,d24a520f73e6693f1d25192c6003c9e3529865f80081fb6485e07efc5cb639c4,False
data/paper_sources/figure_ready/dynamic_recovery/heldout_3x3_raw_long.csv,project/data/figure_ready/dynamic_recovery/heldout_3x3_raw_long.csv|project/data/processed/dynamic_recovery/heldout_3x3_aggregate/heldout_3x3_raw_long.csv,2b8295c49a9a9f52af6f8a0bfc6fba0ef2eeea0d353f1d45601b74d4ace51151,2b8295c49a9a9f52af6f8a0bfc6fba0ef2eeea0d353f1d45601b74d4ace51151,False
data/paper_sources/figure_ready/dynamic_recovery/heldout_3x3_raw_long.metadata.json,project/data/figure_ready/dynamic_recovery/heldout_3x3_raw_long.metadata.json,cce7bbef6e6f6702068b2b9d4d3c27ff32549c049e992000ec3baa52d6a5ceae,cce7bbef6e6f6702068b2b9d4d3c27ff32549c049e992000ec3baa52d6a5ceae,False
data/paper_sources/figure_ready/dynamic_recovery/heldout_3x3_recovery_long.csv,project/data/figure_ready/dynamic_recovery/heldout_3x3_recovery_long.csv|project/data/processed/dynamic_recovery/heldout_3x3_aggregate/heldout_3x3_recovery_long.csv,2ace93d21a6902c2e5bad30cd483a30da5fcca2b5a5cd4459173756a77fe283c,2ace93d21a6902c2e5bad30cd483a30da5fcca2b5a5cd4459173756a77fe283c,False
data/paper_sources/figure_ready/dynamic_recovery/heldout_3x3_recovery_long.metadata.json,project/data/figure_ready/dynamic_recovery/heldout_3x3_recovery_long.metadata.json,d0354d77c514df90bd8ff3f8b1349efa922797ac41683fd7198a92d46e48673e,d0354d77c514df90bd8ff3f8b1349efa922797ac41683fd7198a92d46e48673e,False
data/paper_sources/figure_ready/dynamic_recovery/heldout_3x3_recovery_time_summary.csv,project/data/figure_ready/dynamic_recovery/heldout_3x3_recovery_time_summary.csv|project/data/processed/dynamic_recovery/heldout_3x3_aggregate/heldout_3x3_recovery_time_summary.csv,e4eb202e5f5f1a50fa54efe8f2af84fdf4d06926d29a581fd81f71e39527920c,e4eb202e5f5f1a50fa54efe8f2af84fdf4d06926d29a581fd81f71e39527920c,False
data/paper_sources/figure_ready/dynamic_recovery/heldout_3x3_recovery_time_summary.metadata.json,project/data/figure_ready/dynamic_recovery/heldout_3x3_recovery_time_summary.metadata.json,d65c9c161a6b8a1769dbb1b363cec2ab17f56192c778d958393eb430e909fef1,d65c9c161a6b8a1769dbb1b363cec2ab17f56192c778d958393eb430e909fef1,False
data/paper_sources/figure_ready/dynamic_recovery/three_control_case_comparison.csv,project/data/figure_ready/dynamic_recovery/three_control_case_comparison.csv|project/data/processed/dynamic_recovery/amplitude_matched_3x3_aggregate/three_control_case_comparison.csv,a28c5105ac3d3614fb9821b877e3dd6ba451c2b902aa63cc7f93dda6da496e29,a28c5105ac3d3614fb9821b877e3dd6ba451c2b902aa63cc7f93dda6da496e29,False
data/paper_sources/figure_ready/dynamic_recovery/three_control_case_comparison.metadata.json,project/data/figure_ready/dynamic_recovery/three_control_case_comparison.metadata.json,aa9536ab2fad8d04dacd61c5831db3cbe40be0b5eb43c471ab6b9d9bd25e205f,aa9536ab2fad8d04dacd61c5831db3cbe40be0b5eb43c471ab6b9d9bd25e205f,False
data/paper_sources/figure_ready/dynamic_recovery/three_control_metric_hierarchy.csv,project/data/figure_ready/dynamic_recovery/three_control_metric_hierarchy.csv|project/data/processed/dynamic_recovery/amplitude_matched_3x3_aggregate/three_control_metric_hierarchy.csv,22c95a4b3f98246c4d690cd4a7ac18ca8170ca56aad265b2891fbdd75d7970a8,22c95a4b3f98246c4d690cd4a7ac18ca8170ca56aad265b2891fbdd75d7970a8,False
data/paper_sources/figure_ready/dynamic_recovery/three_control_metric_hierarchy.metadata.json,project/data/figure_ready/dynamic_recovery/three_control_metric_hierarchy.metadata.json,464d01be408f6ec3cb669e64d4f7d9f948e0423b45877a2884139103f3b40cd5,464d01be408f6ec3cb669e64d4f7d9f948e0423b45877a2884139103f3b40cd5,False
data/paper_sources/figure_ready/isotropic_rep2/isotropic_rep2_all_case_metrics.csv,project/data/figure_ready/isotropic_rep2/isotropic_rep2_all_case_metrics.csv,f217e571f4f68868a49f51e1bf25bb5cd24f24c31564594ee47832442465e3de,f217e571f4f68868a49f51e1bf25bb5cd24f24c31564594ee47832442465e3de,False
data/paper_sources/figure_ready/isotropic_rep2/isotropic_rep2_all_case_metrics.metadata.json,project/data/figure_ready/isotropic_rep2/isotropic_rep2_all_case_metrics.metadata.json,64623102b59883c8bd5fb9d5b993cf055758b985b1b9d611dc049b24cd6de72b,64623102b59883c8bd5fb9d5b993cf055758b985b1b9d611dc049b24cd6de72b,False
data/paper_sources/figure_ready/isotropic_rep2/isotropic_rep2_comparator_vs_24.csv,project/data/figure_ready/isotropic_rep2/isotropic_rep2_comparator_vs_24.csv,6b0201d8c60056fb8a6ae2032bd684b7f637b21a43ff3152d41326acd94486a7,6b0201d8c60056fb8a6ae2032bd684b7f637b21a43ff3152d41326acd94486a7,False
data/paper_sources/figure_ready/isotropic_rep2/isotropic_rep2_comparator_vs_24.metadata.json,project/data/figure_ready/isotropic_rep2/isotropic_rep2_comparator_vs_24.metadata.json,37745a86cf75555377f3f606ed8906206fef936a38abc271d13fdcfbbee9d68a,37745a86cf75555377f3f606ed8906206fef936a38abc271d13fdcfbbee9d68a,False
data/paper_sources/figure_ready/isotropic_rep2/isotropic_rep2_dns_vs_24.csv,project/data/figure_ready/isotropic_rep2/isotropic_rep2_dns_vs_24.csv,5742b8203061aa858fa79afddb8c3a8b6919533bcf50727516ab0ab2be6d5841,5742b8203061aa858fa79afddb8c3a8b6919533bcf50727516ab0ab2be6d5841,False
data/paper_sources/figure_ready/isotropic_rep2/isotropic_rep2_dns_vs_24.metadata.json,project/data/figure_ready/isotropic_rep2/isotropic_rep2_dns_vs_24.metadata.json,73281872ef7624a07d203678f367648b18740ebd57c26e91dce3ff9e16972a25,73281872ef7624a07d203678f367648b18740ebd57c26e91dce3ff9e16972a25,False
data/paper_sources/figure_ready/isotropic_rep2/isotropic_rep2_phase_hashes.csv,project/data/figure_ready/isotropic_rep2/isotropic_rep2_phase_hashes.csv,cec7f113496581cc596319638e3da944f2fbd6a84756a3926624252fb5796dbd,cec7f113496581cc596319638e3da944f2fbd6a84756a3926624252fb5796dbd,False
data/paper_sources/figure_ready/isotropic_rep2/isotropic_rep2_phase_hashes.metadata.json,project/data/figure_ready/isotropic_rep2/isotropic_rep2_phase_hashes.metadata.json,3b23d316eebda6153e76f8ab8c1107f113ad4e72596702ba54c0d3562ab04981,3b23d316eebda6153e76f8ab8c1107f113ad4e72596702ba54c0d3562ab04981,False
data/paper_sources/figure_ready/isotropic_rep2/isotropic_rep2_primary_six.csv,project/data/figure_ready/isotropic_rep2/isotropic_rep2_primary_six.csv,dce13ef9f378532e66dd60b049dc80758f9c1085c64778e965d24e9c12924d6d,dce13ef9f378532e66dd60b049dc80758f9c1085c64778e965d24e9c12924d6d,False
data/paper_sources/figure_ready/isotropic_rep2/isotropic_rep2_primary_six.metadata.json,project/data/figure_ready/isotropic_rep2/isotropic_rep2_primary_six.metadata.json,61325ef2cce4f46ce5d6d762c1f009e5ccf88f5ca0971fd1aca6442d93184999,61325ef2cce4f46ce5d6d762c1f009e5ccf88f5ca0971fd1aca6442d93184999,False
data/paper_sources/figure_ready/isotropic_rep2/isotropic_rep2_reference_dns_fidelity.csv,project/data/figure_ready/isotropic_rep2/isotropic_rep2_reference_dns_fidelity.csv,187fa21373ef9f24953874dbb1cf191e077e00484d1dcef8aebd3e2163a09879,187fa21373ef9f24953874dbb1cf191e077e00484d1dcef8aebd3e2163a09879,False
data/paper_sources/figure_ready/isotropic_rep2/isotropic_rep2_reference_dns_fidelity.metadata.json,project/data/figure_ready/isotropic_rep2/isotropic_rep2_reference_dns_fidelity.metadata.json,6eb85c1b67a09b0a7fe39ef313af60c294a324d9a32b2d54a3c7b79ed32fff2a,6eb85c1b67a09b0a7fe39ef313af60c294a324d9a32b2d54a3c7b79ed32fff2a,False
data/paper_sources/figure_ready/isotropic_rep2/isotropic_rep2_reference_vs_24.csv,project/data/figure_ready/isotropic_rep2/isotropic_rep2_reference_vs_24.csv,d3008a0e3a391730ca2114bde1b88ec29417f37420fdcdaf22f543dd540b0da2,d3008a0e3a391730ca2114bde1b88ec29417f37420fdcdaf22f543dd540b0da2,False
data/paper_sources/figure_ready/isotropic_rep2/isotropic_rep2_reference_vs_24.metadata.json,project/data/figure_ready/isotropic_rep2/isotropic_rep2_reference_vs_24.metadata.json,ce474d0bdbffcf9bd7e6da5fc3b05075f30f0925323fbaa105c757800fc4e76b,ce474d0bdbffcf9bd7e6da5fc3b05075f30f0925323fbaa105c757800fc4e76b,False
data/paper_sources/figure_ready/isotropic_rep2/isotropic_rep2_seed_qc.csv,project/data/figure_ready/isotropic_rep2/isotropic_rep2_seed_qc.csv,3aa3b3a0b7ca5a1f8b15ee9105cfe424c8e9b9ac02a4c719002f14066ca2267c,3aa3b3a0b7ca5a1f8b15ee9105cfe424c8e9b9ac02a4c719002f14066ca2267c,False
data/paper_sources/figure_ready/isotropic_rep2/isotropic_rep2_seed_qc.metadata.json,project/data/figure_ready/isotropic_rep2/isotropic_rep2_seed_qc.metadata.json,5f60d2eb06821db5efe4f9e718f4210596227be103ce1b197f543cbfa003e2cf,5f60d2eb06821db5efe4f9e718f4210596227be103ce1b197f543cbfa003e2cf,False
data/paper_sources/figure_ready/isotropic_rep2/scale8_mean_failure_diagnostic.csv,project/data/figure_ready/isotropic_rep2/scale8_mean_failure_diagnostic.csv,0fc4efdf2dd1cc8c493eed8ef6745207f12bd64ef4c1cac77f17288af9ba1344,0fc4efdf2dd1cc8c493eed8ef6745207f12bd64ef4c1cac77f17288af9ba1344,False
data/paper_sources/figure_ready/isotropic_rep2/scale8_mean_failure_diagnostic.metadata.json,project/data/figure_ready/isotropic_rep2/scale8_mean_failure_diagnostic.metadata.json,cf838662e62d9c1580710d0f6048b020474898f6d151d6c75e16fa1c3a7e25fd,cf838662e62d9c1580710d0f6048b020474898f6d151d6c75e16fa1c3a7e25fd,False
data/paper_sources/figure_ready/main32/dns_finite_time_FR_curves_v3.csv,project/data/figure_ready/main32/dns_finite_time_FR_curves_v3.csv,9b6bea07ee8ad826fdebcf31497e5de42b2d689d2f57192eb857abefc829fff0,9b6bea07ee8ad826fdebcf31497e5de42b2d689d2f57192eb857abefc829fff0,False
data/paper_sources/figure_ready/main32/dns_finite_time_FR_curves_v3.metadata.json,project/data/figure_ready/main32/dns_finite_time_FR_curves_v3.metadata.json,5bd449341debc8a62485bc26d299f19e2050a898d04d04c146e96fe05d44aca9,5bd449341debc8a62485bc26d299f19e2050a898d04d04c146e96fe05d44aca9,False
data/paper_sources/figure_ready/main32/dns_finite_time_arrow_summary_v3.csv,phase_ensemble_v1/runs/64_reference_dns/finite_time_v3/finite_time_arrow_summary_v3.csv|project/data/figure_ready/main32/dns_finite_time_arrow_summary_v3.csv,452c8ece7bae195b17906cd99ef7fa00fbb14a70d98f709a95b64e2c1581bec0,452c8ece7bae195b17906cd99ef7fa00fbb14a70d98f709a95b64e2c1581bec0,False
data/paper_sources/figure_ready/main32/dns_finite_time_arrow_summary_v3.metadata.json,project/data/figure_ready/main32/dns_finite_time_arrow_summary_v3.metadata.json,3226ac0a41868b326eda86de0606b34fb4e37fd8504d0c45cdfd80f89f37ecdd,3226ac0a41868b326eda86de0606b34fb4e37fd8504d0c45cdfd80f89f37ecdd,False
data/paper_sources/figure_ready/main32/dns_instantaneous_arrow_metrics_v3.csv,phase_ensemble_v1/runs/64_reference_dns/finite_time_v3/instantaneous_arrow_metrics_v3.csv|project/data/figure_ready/main32/dns_instantaneous_arrow_metrics_v3.csv,399ee5d367fd5223955ab9f33f3494ac02ce0a7e692ff5bc0871f630ea0085dd,399ee5d367fd5223955ab9f33f3494ac02ce0a7e692ff5bc0871f630ea0085dd,False
data/paper_sources/figure_ready/main32/dns_instantaneous_arrow_metrics_v3.metadata.json,project/data/figure_ready/main32/dns_instantaneous_arrow_metrics_v3.metadata.json,5e7fcc0c52a6d134bf8c2b50da56153f664f1956199a1cf715e2dc9dfdcb7bda,5e7fcc0c52a6d134bf8c2b50da56153f664f1956199a1cf715e2dc9dfdcb7bda,False
data/paper_sources/figure_ready/main32/ensemble_summary_64.csv,phase_ensemble_v1/releases/64_main32_v1/ensemble_summary_64.csv|project/data/figure_ready/main32/ensemble_summary_64.csv,0f80af7f7ebe4aaef9fb3a64ced938110d786a0c2b659e341a8e2c79757a4db2,0f80af7f7ebe4aaef9fb3a64ced938110d786a0c2b659e341a8e2c79757a4db2,False
data/paper_sources/figure_ready/main32/ensemble_summary_64.metadata.json,project/data/figure_ready/main32/ensemble_summary_64.metadata.json,ff61a0ca84f1571cfef40e490d065cf970595a859aca504b84de38bafab6a230,ff61a0ca84f1571cfef40e490d065cf970595a859aca504b84de38bafab6a230,False
data/paper_sources/figure_ready/main32/qc_seed_summary_64.csv,phase_ensemble_v1/releases/64_main32_v1/qc_seed_summary_64.csv|project/data/figure_ready/main32/qc_seed_summary_64.csv,2bc0b0b93028e6136ad43e31ef721fe3b01860b5f48577b98538466e3f14e278,2bc0b0b93028e6136ad43e31ef721fe3b01860b5f48577b98538466e3f14e278,False
data/paper_sources/figure_ready/main32/qc_seed_summary_64.metadata.json,project/data/figure_ready/main32/qc_seed_summary_64.metadata.json,2351aa12f9d837bc85e380d7f95f5c876395c3f596adfcf6532154fb6b73a945,2351aa12f9d837bc85e380d7f95f5c876395c3f596adfcf6532154fb6b73a945,False
data/paper_sources/figure_ready/main32/seed_metrics_64.csv,phase_ensemble_v1/releases/64_main32_v1/seed_metrics_64.csv|project/data/figure_ready/main32/seed_metrics_64.csv,2302355e5f9a25f91ae1bf5f50b58b36d81ae84405cfb9b6af42c01ec34903b9,2302355e5f9a25f91ae1bf5f50b58b36d81ae84405cfb9b6af42c01ec34903b9,False
data/paper_sources/figure_ready/main32/seed_metrics_64.metadata.json,project/data/figure_ready/main32/seed_metrics_64.metadata.json,a4ca2b710957be44b486af992a3d3180ba5c16ef2af9b5f3466ce4b6cda8bf9b,a4ca2b710957be44b486af992a3d3180ba5c16ef2af9b5f3466ce4b6cda8bf9b,False
data/paper_sources/figure_ready/spectral_energy/fig1b_spectral_fidelity_qc.csv,project/data/figure_ready/spectral_energy/fig1b_spectral_fidelity_qc.csv,ae84246bd9e6eb0a4b72bf8cd586fc0564a215b6cdbca0f5f0ba657934caf8f1,2514d94401aa7d2693665d78aa82de883713b42a6eb36c55b083102ffe36adf2,True
data/paper_sources/figure_ready/spectral_energy/fig1b_spectral_fidelity_qc.metadata.json,project/data/figure_ready/spectral_energy/fig1b_spectral_fidelity_qc.metadata.json,5a680f8defe8092ace9a670325b24cb392790dd527d00496342ce07d840caa4e,426e42bed786cdf6e770339aa28bc501980c8826e6550437d1ea60cbe7f77978,True
data/paper_sources/figure_ready/spectral_energy/gate2_spectrum_diagnostics.csv,project/data/figure_ready/spectral_energy/gate2_spectrum_diagnostics.csv,ec07b8ca38d3ab423ee8cc61d1596e6bfc758b2ab6c8da4cec978696e137af86,ec07b8ca38d3ab423ee8cc61d1596e6bfc758b2ab6c8da4cec978696e137af86,False
data/paper_sources/figure_ready/spectral_energy/gate2_spectrum_diagnostics.metadata.json,project/data/figure_ready/spectral_energy/gate2_spectrum_diagnostics.metadata.json,acbbea51f0e4ec101a58555b79cdb906e52a4617aa93e4262e4f6c7a39519f05,acbbea51f0e4ec101a58555b79cdb906e52a4617aa93e4262e4f6c7a39519f05,False
data/paper_sources/figure_ready/spectral_energy/gate2_spectrum_summary.csv,project/data/figure_ready/spectral_energy/gate2_spectrum_summary.csv,c17668fc327bd1725190dd33a9a09e076d5d710cfa75d7f5278266f16fb7b5e2,c17668fc327bd1725190dd33a9a09e076d5d710cfa75d7f5278266f16fb7b5e2,False
data/paper_sources/figure_ready/spectral_energy/gate2_spectrum_summary.metadata.json,project/data/figure_ready/spectral_energy/gate2_spectrum_summary.metadata.json,047740e44f66afe8b3cef26588600b63a2ac53484c5fd2219b3f3aeb4de3f831,047740e44f66afe8b3cef26588600b63a2ac53484c5fd2219b3f3aeb4de3f831,False
data/paper_sources/figure_ready/spectral_energy/gate3_exact_bispectrum_16cube/gate3_case_results.csv,project/data/figure_ready/spectral_energy/gate3_exact_bispectrum_16cube/gate3_case_results.csv,8f898c6e8e3151753c34c223a24a509eab2cc530c5585cb6d7aa86bdbaf0a172,8f898c6e8e3151753c34c223a24a509eab2cc530c5585cb6d7aa86bdbaf0a172,False
data/paper_sources/figure_ready/spectral_energy/gate3_exact_bispectrum_16cube/gate3_case_results.metadata.json,project/data/figure_ready/spectral_energy/gate3_exact_bispectrum_16cube/gate3_case_results.metadata.json,9d38f17242472c68e6448c732de53290e27040cf765675d1d2fb37dd3cd71915,9d38f17242472c68e6448c732de53290e27040cf765675d1d2fb37dd3cd71915,False
data/paper_sources/figure_ready/spectral_energy/gate3_exact_bispectrum_16cube/gate3_field_qc.csv,project/data/figure_ready/spectral_energy/gate3_exact_bispectrum_16cube/gate3_field_qc.csv,08b51d59cffdae7bf46c9e952253584cc4d4667ca934fe7833aede1a76247a0b,08b51d59cffdae7bf46c9e952253584cc4d4667ca934fe7833aede1a76247a0b,False
data/paper_sources/figure_ready/spectral_energy/gate3_exact_bispectrum_16cube/gate3_field_qc.metadata.json,project/data/figure_ready/spectral_energy/gate3_exact_bispectrum_16cube/gate3_field_qc.metadata.json,8bbdc958bcc6c15721ef6ad992173b9c589e5ebebfddf7f454c5d6578ca9a51c,8bbdc958bcc6c15721ef6ad992173b9c589e5ebebfddf7f454c5d6578ca9a51c,False
data/paper_sources/figure_ready/spectral_energy/gate3_exact_bispectrum_16cube/gate3_finite_time_summary.csv,project/data/figure_ready/spectral_energy/gate3_exact_bispectrum_16cube/gate3_finite_time_summary.csv,e065212c8367f0bfd0acaae482bfb0e529a125116a90e95902bb00421dceeed9,e065212c8367f0bfd0acaae482bfb0e529a125116a90e95902bb00421dceeed9,False
data/paper_sources/figure_ready/spectral_energy/gate3_exact_bispectrum_16cube/gate3_finite_time_summary.metadata.json,project/data/figure_ready/spectral_energy/gate3_exact_bispectrum_16cube/gate3_finite_time_summary.metadata.json,0b7226cdb292f5a05983c5d5812ae890c622df29a3886ac502ceb5043b239916,0b7226cdb292f5a05983c5d5812ae890c622df29a3886ac502ceb5043b239916,False
data/paper_sources/figure_ready/spectral_energy/gate3_exact_bispectrum_16cube/gate3_padding_sensitivity.csv,project/data/figure_ready/spectral_energy/gate3_exact_bispectrum_16cube/gate3_padding_sensitivity.csv,0fb7227c59d9466b7ef6bee34057e8c535ddc3fbee22ab8851642799a22aa0ae,0fb7227c59d9466b7ef6bee34057e8c535ddc3fbee22ab8851642799a22aa0ae,False
data/paper_sources/figure_ready/spectral_energy/gate3_exact_bispectrum_16cube/gate3_padding_sensitivity.metadata.json,project/data/figure_ready/spectral_energy/gate3_exact_bispectrum_16cube/gate3_padding_sensitivity.metadata.json,16ae4cf56943593daad9271aa63c0406e2de32420b7f1df21b4e06ba892b9d11,16ae4cf56943593daad9271aa63c0406e2de32420b7f1df21b4e06ba892b9d11,False
data/paper_sources/figure_ready/spectral_energy/gate3_exact_bispectrum_16cube/gate3_phase_qc.csv,project/data/figure_ready/spectral_energy/gate3_exact_bispectrum_16cube/gate3_phase_qc.csv,2f6fdbf714dd6ade8918515251a150ced3904feebf02ec7519eaebe11ccc8d85,2f6fdbf714dd6ade8918515251a150ced3904feebf02ec7519eaebe11ccc8d85,False
data/paper_sources/figure_ready/spectral_energy/gate3_exact_bispectrum_16cube/gate3_phase_qc.metadata.json,project/data/figure_ready/spectral_energy/gate3_exact_bispectrum_16cube/gate3_phase_qc.metadata.json,b3d1c0fc2a95eb5eab2ea9f3d1e6107811630367a72e419a918aced17de04ad9,b3d1c0fc2a95eb5eab2ea9f3d1e6107811630367a72e419a918aced17de04ad9,False
data/paper_sources/figure_ready/spectral_energy/gate3_exact_bispectrum_16cube_smoke/gate3_case_results.csv,project/data/figure_ready/spectral_energy/gate3_exact_bispectrum_16cube_smoke/gate3_case_results.csv,62673b0d59d0f957763462ce579a2b7bf90f3c76aa34e620596481876bc3f54a,62673b0d59d0f957763462ce579a2b7bf90f3c76aa34e620596481876bc3f54a,False
data/paper_sources/figure_ready/spectral_energy/gate3_exact_bispectrum_16cube_smoke/gate3_case_results.metadata.json,project/data/figure_ready/spectral_energy/gate3_exact_bispectrum_16cube_smoke/gate3_case_results.metadata.json,2c4cddcfafca6f072719dd1513a50629c333c192494826bbc3e970af56eed2d4,2c4cddcfafca6f072719dd1513a50629c333c192494826bbc3e970af56eed2d4,False
data/paper_sources/figure_ready/spectral_energy/gate3_exact_bispectrum_16cube_smoke/gate3_field_qc.csv,project/data/figure_ready/spectral_energy/gate3_exact_bispectrum_16cube_smoke/gate3_field_qc.csv,46ed2325408e59024aad42e62ec3615aee37f2ba0d2702eb959b6db3c05dec3d,46ed2325408e59024aad42e62ec3615aee37f2ba0d2702eb959b6db3c05dec3d,False
data/paper_sources/figure_ready/spectral_energy/gate3_exact_bispectrum_16cube_smoke/gate3_field_qc.metadata.json,project/data/figure_ready/spectral_energy/gate3_exact_bispectrum_16cube_smoke/gate3_field_qc.metadata.json,948575812c4d4400c591e21b508cd8c4cfb924e64be591ebacba9d42d573d893,948575812c4d4400c591e21b508cd8c4cfb924e64be591ebacba9d42d573d893,False
data/paper_sources/figure_ready/spectral_energy/gate3_exact_bispectrum_16cube_smoke/gate3_finite_time_summary.csv,project/data/figure_ready/spectral_energy/gate3_exact_bispectrum_16cube_smoke/gate3_finite_time_summary.csv,900e44a0f2a4efdb037169e1fb433a9c9bbc98a02a6d3e71c1a8fe671148ec50,900e44a0f2a4efdb037169e1fb433a9c9bbc98a02a6d3e71c1a8fe671148ec50,False
data/paper_sources/figure_ready/spectral_energy/gate3_exact_bispectrum_16cube_smoke/gate3_finite_time_summary.metadata.json,project/data/figure_ready/spectral_energy/gate3_exact_bispectrum_16cube_smoke/gate3_finite_time_summary.metadata.json,ef3f2c97d9c47c4e0a67afc4c5bf81a76d06f0ec9385c969bfd4b9ba71596bf3,ef3f2c97d9c47c4e0a67afc4c5bf81a76d06f0ec9385c969bfd4b9ba71596bf3,False
data/paper_sources/figure_ready/spectral_energy/gate3_exact_bispectrum_16cube_smoke/gate3_padding_sensitivity.csv,project/data/figure_ready/spectral_energy/gate3_exact_bispectrum_16cube_smoke/gate3_padding_sensitivity.csv,9bb5249240f5eb418096d501b8d1c504d1c96499010231033a5e1706bac0af4d,9bb5249240f5eb418096d501b8d1c504d1c96499010231033a5e1706bac0af4d,False
data/paper_sources/figure_ready/spectral_energy/gate3_exact_bispectrum_16cube_smoke/gate3_padding_sensitivity.metadata.json,project/data/figure_ready/spectral_energy/gate3_exact_bispectrum_16cube_smoke/gate3_padding_sensitivity.metadata.json,de566ef10521f911956572ae8e3278523061d4940e8919f96e9b4643033cc2b2,de566ef10521f911956572ae8e3278523061d4940e8919f96e9b4643033cc2b2,False
data/paper_sources/figure_ready/spectral_energy/gate3_exact_bispectrum_16cube_smoke/gate3_phase_qc.csv,project/data/figure_ready/spectral_energy/gate3_exact_bispectrum_16cube_smoke/gate3_phase_qc.csv,1b12210a68c8170ce7a98f020cc25b13ef8cdbb85e2cd6d357819930cd73de6b,1b12210a68c8170ce7a98f020cc25b13ef8cdbb85e2cd6d357819930cd73de6b,False
data/paper_sources/figure_ready/spectral_energy/gate3_exact_bispectrum_16cube_smoke/gate3_phase_qc.metadata.json,project/data/figure_ready/spectral_energy/gate3_exact_bispectrum_16cube_smoke/gate3_phase_qc.metadata.json,ebe8f27ad13c9cd7e6fc68066557c2e023c37a7e55c09c69b64abaf1d2247c00,ebe8f27ad13c9cd7e6fc68066557c2e023c37a7e55c09c69b64abaf1d2247c00,False
data/paper_sources/records/FIG3_RENDER_SPEC_V1.json,project/docs/FIG3_RENDER_SPEC_V1.json,2e6be128ee1f3296a2dc0854a98290e01e08f6b92b0687332b7b46376078114d,2e6be128ee1f3296a2dc0854a98290e01e08f6b92b0687332b7b46376078114d,False
data/paper_sources/records/FIG3_gate2_provenance_certification.json,project/data/manifests/fig3/FIG3_gate2_provenance_certification.json,a53e24d926c3470fdaf7c5c302a488c65a77e7a588fa6b20c55d2b9a910a3a1f,a53e24d926c3470fdaf7c5c302a488c65a77e7a588fa6b20c55d2b9a910a3a1f,False
data/paper_sources/records/FIG3_source_manifest.json,project/data/manifests/fig3/FIG3_source_manifest.json,ef7fad71b0df09042252f5f264250d6af88df12da37255c87179cd737b614af2,38c39dd422ac7b50e2f6b84d64e7765604ad0b7efd4a5a1d77f0f66bf20301fd,True
data/checkpoints/checkpoint_step_0001750.npz,project/data/processed/dynamic_recovery/spinup_N64/checkpoints/checkpoint_step_0001750.npz,902f661f0c7a0556657a0370d645353256122f671119c8e1ae8b9d70b5252610,902f661f0c7a0556657a0370d645353256122f671119c8e1ae8b9d70b5252610,False
data/checkpoints/checkpoint_step_0002250.npz,project/data/processed/dynamic_recovery/spinup_N64/checkpoints/checkpoint_step_0002250.npz,ee291a74a0a10e316cea9b9460cba970382709f7f3db695091956ad6f938ef6a,ee291a74a0a10e316cea9b9460cba970382709f7f3db695091956ad6f938ef6a,False
data/checkpoints/checkpoint_step_0002750.npz,project/data/processed/dynamic_recovery/spinup_N64/checkpoints/checkpoint_step_0002750.npz,babc0b42a74850cefa4377c5a2fd9c5ebe8c5850187b8cb070eac27e9cb04158,babc0b42a74850cefa4377c5a2fd9c5ebe8c5850187b8cb070eac27e9cb04158,False
config/original_spinup_audit.json,project/data/processed/dynamic_recovery/spinup_N64/spinup_audit.json,d0a7bfac54e29ab3de3728c29efcc575d50f32fb57ec513181bbe374ea5d51e2,d0a7bfac54e29ab3de3728c29efcc575d50f32fb57ec513181bbe374ea5d51e2,False
config/mask_and_case_index.csv,derived_during_manuscript_preparation,aab9a76788359feb71773677d29aabede098d3f2f18860de78e901a0fbc62bea,aab9a76788359feb71773677d29aabede098d3f2f18860de78e901a0fbc62bea,False
code/figures/build_figures.py,derived_during_manuscript_preparation,082000f844e2a3b53e3fd53f40a02341f9aa26fbebfb1d3c384df7c95ed43c56,36f7046c966f0a15cf8ee62246611135b679cb141e19d200cfbb556777914024,True
code/figures/redesign.py,derived_during_manuscript_preparation,5b5025530ec8245ad0c388d491e97eb08c9e6f20bf77f3c797716756aa4b05b2,5b5025530ec8245ad0c388d491e97eb08c9e6f20bf77f3c797716756aa4b05b2,False
code/figures/build_supplement.py,derived_during_manuscript_preparation,e4822c31c0c25c22af49de63ba39106db400703c0c5f60b6f76a1c0ac2ac8f80,67c27369a0de08e6ea8b1def4682bf397c7bd9568243934c6275d677592d13b1,True
code/figures/normalization_diagnostic.py,derived_during_manuscript_preparation,a292a6632942d25429e8eb31a491c047591c150135c316ff87c21a91be8418c0,a292a6632942d25429e8eb31a491c047591c150135c316ff87c21a91be8418c0,False
code/statistics/analyze_existing_tables.py,derived_during_manuscript_preparation,be5b165763b69a3c03beb8b44f74039f821217cf6b1b86b790fe29e49af16f7d,662613c240780d7b5dd4d7abdf1e7a889229f629415e8805ac116670de937c2d,True
data/statistics_inputs/dynamic_amplitude_matched_long.csv,project/data/figure_ready/dynamic_recovery/amplitude_matched_3x3_long.csv|project/data/processed/dynamic_recovery/amplitude_matched_3x3_aggregate/amplitude_matched_3x3_long.csv,5437cbbbe1e1d8b663273039b362155461950813d5bd851bd5e19b8b044e555a,5437cbbbe1e1d8b663273039b362155461950813d5bd851bd5e19b8b044e555a,False
data/statistics_inputs/dynamic_heldout_long.csv,project/data/figure_ready/dynamic_recovery/heldout_3x3_recovery_long.csv|project/data/processed/dynamic_recovery/heldout_3x3_aggregate/heldout_3x3_recovery_long.csv,2ace93d21a6902c2e5bad30cd483a30da5fcca2b5a5cd4459173756a77fe283c,2ace93d21a6902c2e5bad30cd483a30da5fcca2b5a5cd4459173756a77fe283c,False
data/statistics_inputs/independent24_case_metrics.csv,project/data/figure_ready/isotropic_rep2/isotropic_rep2_all_case_metrics.csv,f217e571f4f68868a49f51e1bf25bb5cd24f24c31564594ee47832442465e3de,f217e571f4f68868a49f51e1bf25bb5cd24f24c31564594ee47832442465e3de,False
data/statistics_inputs/independent24_primary_six.csv,project/data/figure_ready/isotropic_rep2/isotropic_rep2_primary_six.csv,dce13ef9f378532e66dd60b049dc80758f9c1085c64778e965d24e9c12924d6d,dce13ef9f378532e66dd60b049dc80758f9c1085c64778e965d24e9c12924d6d,False
data/statistics_inputs/main32_ensemble_summary.csv,phase_ensemble_v1/releases/64_main32_v1/ensemble_summary_64.csv|project/data/figure_ready/main32/ensemble_summary_64.csv,0f80af7f7ebe4aaef9fb3a64ced938110d786a0c2b659e341a8e2c79757a4db2,0f80af7f7ebe4aaef9fb3a64ced938110d786a0c2b659e341a8e2c79757a4db2,False
data/statistics_inputs/main32_seed_metrics.csv,phase_ensemble_v1/releases/64_main32_v1/seed_metrics_64.csv|project/data/figure_ready/main32/seed_metrics_64.csv,2302355e5f9a25f91ae1bf5f50b58b36d81ae84405cfb9b6af42c01ec34903b9,2302355e5f9a25f91ae1bf5f50b58b36d81ae84405cfb9b6af42c01ec34903b9,False
figures/reference/fig1.pdf,derived_during_manuscript_preparation,b0404b6c89c27d9e2035970418c4b808f0e31e418f688c6849310b7025368930,b0404b6c89c27d9e2035970418c4b808f0e31e418f688c6849310b7025368930,False
figures/reference/fig2.pdf,derived_during_manuscript_preparation,aba451361f22e7796a9f93df47d3d9a77125c6ac804d77884007c6cad8bab3bc,aba451361f22e7796a9f93df47d3d9a77125c6ac804d77884007c6cad8bab3bc,False
figures/reference/fig3.pdf,derived_during_manuscript_preparation,f820c6bde52162bfde15acd8d29e8f1c249423d915b3417c7ce09faee15eb3ee,f820c6bde52162bfde15acd8d29e8f1c249423d915b3417c7ce09faee15eb3ee,False
figures/reference/fig4.pdf,derived_during_manuscript_preparation,d0897325f9509b7acc14b82bbc07eca53edf79e407e1c06e2380020d260871d6,d0897325f9509b7acc14b82bbc07eca53edf79e407e1c06e2380020d260871d6,False
figures/reference/figs1.pdf,derived_during_manuscript_preparation,0056ebe1faa3d4992aef674a9eaf555082b78ad965ba67a75f72670c16b21ad5,0056ebe1faa3d4992aef674a9eaf555082b78ad965ba67a75f72670c16b21ad5,False
figures/reference/figs2.pdf,derived_during_manuscript_preparation,ebf992b32af9d51e458145c0983c95bf2b3a8869d04f19cd148e02a6dd61a446,ebf992b32af9d51e458145c0983c95bf2b3a8869d04f19cd148e02a6dd61a446,False
figures/reference/figs3.pdf,derived_during_manuscript_preparation,9127c176903c03afab9de92236347300efddd873ff4f3d93f4811506f70007af,9127c176903c03afab9de92236347300efddd873ff4f3d93f4811506f70007af,False
figures/reference/figs4.pdf,derived_during_manuscript_preparation,e6c5483b09c5660a5fbcbe45707cb72c9a0aa4b227e7f8829932c705ae26e5ea,e6c5483b09c5660a5fbcbe45707cb72c9a0aa4b227e7f8829932c705ae26e5ea,False
figures/reference/figs5.pdf,derived_during_manuscript_preparation,7976b24aad0da4e52aa1d6bc028e39b92a7d235990b85d9147cb58206d804bf3,7976b24aad0da4e52aa1d6bc028e39b92a7d235990b85d9147cb58206d804bf3,False
figures/reference/figs6.pdf,derived_during_manuscript_preparation,ee58033bd407ec8656b180dc65647e6c271edcf3f07c27ed78e6c7f95d042152,ee58033bd407ec8656b180dc65647e6c271edcf3f07c27ed78e6c7f95d042152,False
figures/reference/fig1.svg,derived_during_manuscript_preparation,d2f27a4418ce08bc2e58da63b078e360d4b3f85c558f28b75e7408dfc8975c89,d2f27a4418ce08bc2e58da63b078e360d4b3f85c558f28b75e7408dfc8975c89,False
figures/reference/fig2.svg,derived_during_manuscript_preparation,e8ba4cd4cbbc2323a03ff5c41de0287aff5511f42869755f4bf93b71dc0380a8,e8ba4cd4cbbc2323a03ff5c41de0287aff5511f42869755f4bf93b71dc0380a8,False
figures/reference/fig3.svg,derived_during_manuscript_preparation,c8d0bcaf64577911009ddf8b8ead1a4560823d0834189804c5a5de9e62998946,c8d0bcaf64577911009ddf8b8ead1a4560823d0834189804c5a5de9e62998946,False
figures/reference/fig4.svg,derived_during_manuscript_preparation,7a072d486f27d65f850a7924902e656c8dc941fd586c7818f088204dae3f538e,7a072d486f27d65f850a7924902e656c8dc941fd586c7818f088204dae3f538e,False
figures/reference/figs1.svg,derived_during_manuscript_preparation,354f4da1b5526cd733ba7ecbdbb6c21f5aa654686aa59897cd50c1c65aa4fe07,354f4da1b5526cd733ba7ecbdbb6c21f5aa654686aa59897cd50c1c65aa4fe07,False
figures/reference/figs2.svg,derived_during_manuscript_preparation,6d14f30a860f142f2841d33c62688ddc6094eb2f63fc5731215828af0b5504c8,6d14f30a860f142f2841d33c62688ddc6094eb2f63fc5731215828af0b5504c8,False
figures/reference/figs3.svg,derived_during_manuscript_preparation,52f841eeb3bfca3dc4f70a89af3e894c8535428ffdb2f09dda83c5061787d123,52f841eeb3bfca3dc4f70a89af3e894c8535428ffdb2f09dda83c5061787d123,False
figures/reference/figs4.svg,derived_during_manuscript_preparation,ff3af2daf7e8fe3a1eacad7a2b1ab0b65122e8cb4a424b780f681cd7b66dbc75,ff3af2daf7e8fe3a1eacad7a2b1ab0b65122e8cb4a424b780f681cd7b66dbc75,False
figures/reference/figs5.svg,derived_during_manuscript_preparation,bea38cfe7f6a880792da0fbcb3a9393d53d2dafced03883129c34a6c388c5ffd,bea38cfe7f6a880792da0fbcb3a9393d53d2dafced03883129c34a6c388c5ffd,False
figures/reference/figs6.svg,derived_during_manuscript_preparation,77342325e2182adb0592ece2bcc8013435483518f5f2bce6c0b102c62d8d64fb,77342325e2182adb0592ece2bcc8013435483518f5f2bce6c0b102c62d8d64fb,False
