n_samples,mean_I,std_I,normalized_mean_I,positive_fraction_I,sign_bias_I,skew_centered_I,n_tail_pos_z2,n_tail_neg_z2,tail_log_ratio_z2,mode,zmax,nbins,min_count_each,valid_bin_count,alpha,intercept,fit_r2,n_fit_bins,label,source_seed,scale,window_frames,window_physical_time,n_nonoverlap_windows
1280000,0.000735655280171337,0.0019585676670793493,0.37560881481739106,0.83879140625,0.33879140625000004,7.586862874143163,52992,1219,3.77211010826366,raw_zero,4.0,80,50,28,0.7667741820132152,2.1419272882640783,0.9884496123832326,18,DNS,,4,5,0.01,20
1280000,0.000735655280171337,0.0019585676670793493,0.37560881481739106,0.83879140625,0.33879140625000004,7.586862874143163,40873,1766,3.1417525961749457,centered,4.0,80,50,32,0.48818767284653847,-2.825708972188524,-0.08442170917910863,18,DNS,,4,5,0.01,20
640000,0.0014713105603426746,0.003580396578330797,0.41093508167427883,0.8712125,0.37121249999999995,6.524615983874523,28523,527,3.9912655097956726,raw_zero,4.0,80,50,20,0.7485282563719252,2.4553464200351294,0.9815842255999335,18,DNS,,4,10,0.02,10
640000,0.0014713105603426746,0.003580396578330797,0.41093508167427883,0.8712125,0.37121249999999995,6.524615983874523,21334,796,3.288458137341045,centered,4.0,80,50,25,1.0913858286420073,-2.8524483290843015,0.17982718943615783,18,DNS,,4,10,0.02,10
320000,0.002942621120685348,0.0060524737717915136,0.48618486120499804,0.921725,0.421725,5.282563742415858,16718,199,4.430936437534609,raw_zero,4.0,80,50,12,0.826435732615987,3.068070157478651,0.9409157081317234,10,DNS,,4,20,0.04,5
320000,0.002942621120685348,0.0060524737717915136,0.48618486120499804,0.921725,0.421725,5.282563742415858,11758,315,3.619716500136567,centered,4.0,80,50,17,-1.7102182121927725,-1.7869201980412865,-0.8233691358656139,15,DNS,,4,20,0.04,5
276480,0.0013345575289333788,0.002391264802585758,0.5580969232225035,0.8746817129629629,0.37468171296296293,3.8954635694682893,18522,0,,raw_zero,4.0,80,50,11,2.082012278162907,1.8824465728835622,0.9781142577610769,9,DNS,,8,5,0.01,20
276480,0.0013345575289333788,0.002391264802585758,0.5580969232225035,0.8746817129629629,0.37468171296296293,3.8954635694682893,12431,23,6.292454415862566,centered,4.0,80,50,17,-1.7526497467563267,-1.3592865073800273,-0.9194353411220146,15,DNS,,8,5,0.01,20
138240,0.0026691150578667584,0.004597175856188967,0.5805988592482167,0.8950376157407407,0.3950376157407407,3.8031574610626726,9462,0,,raw_zero,4.0,80,50,9,2.4670865099459083,2.0232009585936015,0.9744538453294841,7,DNS,,8,10,0.02,10
138240,0.0026691150578667584,0.004597175856188967,0.5805988592482167,0.8950376157407407,0.3950376157407407,3.8031574610626726,6218,4,7.348909229498808,centered,4.0,80,50,14,-2.168765558170365,-1.1387461761159454,-0.8991353446290045,12,DNS,,8,10,0.02,10
69120,0.005338230115733516,0.008231903089701837,0.6484806802951405,0.9359519675925926,0.4359519675925926,3.5334234322503804,5136,0,,raw_zero,4.0,80,50,5,,,,3,DNS,,8,20,0.04,5
69120,0.005338230115733516,0.008231903089701837,0.6484806802951405,0.9359519675925926,0.4359519675925926,3.5334234322503804,3161,0,,centered,4.0,80,50,12,-1.9093704993817957,-1.0004879080686522,-0.5414727026275625,10,DNS,,8,20,0.04,5
