z,count_pos,count_neg,R,label,source_seed,scale,window_frames,window_physical_time,mode
0.050000000000000266,424765,150118,1.0401144233167186,DNS,,4,5,0.01,raw_zero
0.15000000000000036,184751,23689,2.0539981671575647,DNS,,4,5,0.01,raw_zero
0.25,104852,10137,2.3363577356346035,DNS,,4,5,0.01,raw_zero
0.3500000000000001,68109,6101,2.4126566708438824,DNS,,4,5,0.01,raw_zero
0.4500000000000002,47239,4041,2.458727636507499,DNS,,4,5,0.01,raw_zero
0.5500000000000003,35507,2694,2.578702782153757,DNS,,4,5,0.01,raw_zero
0.6500000000000004,27264,2012,2.6064378984094123,DNS,,4,5,0.01,raw_zero
0.7500000000000004,22220,1473,2.713691646730991,DNS,,4,5,0.01,raw_zero
0.8500000000000005,18010,1032,2.859428492128494,DNS,,4,5,0.01,raw_zero
0.9500000000000002,15117,819,2.9154911334956384,DNS,,4,5,0.01,raw_zero
1.0500000000000003,12710,656,2.9639835752394106,DNS,,4,5,0.01,raw_zero
1.1500000000000004,10651,531,2.998647042201227,DNS,,4,5,0.01,raw_zero
1.2500000000000004,9274,451,3.023502725448728,DNS,,4,5,0.01,raw_zero
1.3500000000000005,8069,308,3.265685054874932,DNS,,4,5,0.01,raw_zero
1.4500000000000002,7067,256,3.318013896211292,DNS,,4,5,0.01,raw_zero
1.5500000000000003,6119,204,3.4010339696183243,DNS,,4,5,0.01,raw_zero
1.6500000000000004,5471,197,3.3240129653258377,DNS,,4,5,0.01,raw_zero
1.7500000000000004,4935,150,3.493472657771326,DNS,,4,5,0.01,raw_zero
1.8500000000000005,4544,146,3.437956338692651,DNS,,4,5,0.01,raw_zero
1.9500000000000002,3987,113,3.5634065286690144,DNS,,4,5,0.01,raw_zero
2.0500000000000003,3739,100,3.6214032889890224,DNS,,4,5,0.01,raw_zero
2.1500000000000004,3225,106,3.4152491351178056,DNS,,4,5,0.01,raw_zero
2.2500000000000004,3038,80,3.6369280484818365,DNS,,4,5,0.01,raw_zero
2.3500000000000005,2780,72,3.6535400876686275,DNS,,4,5,0.01,raw_zero
2.45,2556,76,3.5154654752110943,DNS,,4,5,0.01,raw_zero
2.5500000000000003,2396,70,3.533060717185981,DNS,,4,5,0.01,raw_zero
2.6500000000000004,2103,54,3.6621361291384256,DNS,,4,5,0.01,raw_zero
2.7500000000000004,2006,66,3.414243226495455,DNS,,4,5,0.01,raw_zero
0.050000000000000266,51509,74919,-0.3746509802330971,DNS,,4,5,0.01,centered
0.15000000000000036,37899,118531,-1.1402498032225066,DNS,,4,5,0.01,centered
0.25,28978,220374,-2.0287891815894126,DNS,,4,5,0.01,centered
0.3500000000000001,23274,438633,-2.936326214865646,DNS,,4,5,0.01,centered
0.4500000000000002,18901,74013,-1.3650259227318615,DNS,,4,5,0.01,centered
0.5500000000000003,15748,18551,-0.16381032287474506,DNS,,4,5,0.01,centered
0.6500000000000004,13263,8718,0.419588349696015,DNS,,4,5,0.01,centered
0.7500000000000004,11046,5502,0.696956708976613,DNS,,4,5,0.01,centered
0.8500000000000005,9646,3607,0.9836669197253781,DNS,,4,5,0.01,centered
0.9500000000000002,8309,2561,1.176941457465456,DNS,,4,5,0.01,centered
1.0500000000000003,7291,1842,1.3757887729911782,DNS,,4,5,0.01,centered
1.1500000000000004,6352,1359,1.5420205887758278,DNS,,4,5,0.01,centered
1.2500000000000004,5657,963,1.7705955835450302,DNS,,4,5,0.01,centered
1.3500000000000005,5064,769,1.8848209943183682,DNS,,4,5,0.01,centered
1.4500000000000002,4637,612,2.0250906018791346,DNS,,4,5,0.01,centered
1.5500000000000003,4059,532,2.0320484274972532,DNS,,4,5,0.01,centered
1.6500000000000004,3806,414,2.2184680740307807,DNS,,4,5,0.01,centered
1.7500000000000004,3395,279,2.498847258171431,DNS,,4,5,0.01,centered
1.8500000000000005,3031,242,2.527710150901117,DNS,,4,5,0.01,centered
1.9500000000000002,2861,214,2.592950478028259,DNS,,4,5,0.01,centered
2.0500000000000003,2606,179,2.678185951844035,DNS,,4,5,0.01,centered
2.1500000000000004,2442,144,2.8307593550946493,DNS,,4,5,0.01,centered
2.2500000000000004,2186,139,2.755354735605792,DNS,,4,5,0.01,centered
2.3500000000000005,2001,117,2.839228399785977,DNS,,4,5,0.01,centered
2.45,1947,99,2.9789251552376097,DNS,,4,5,0.01,centered
2.5500000000000003,1796,96,2.928969057394309,DNS,,4,5,0.01,centered
2.6500000000000004,1604,80,2.998229153752578,DNS,,4,5,0.01,centered
2.7500000000000004,1451,66,3.090353510857762,DNS,,4,5,0.01,centered
2.8500000000000005,1442,83,2.8549457100482964,DNS,,4,5,0.01,centered
2.95,1277,66,2.9626141140061137,DNS,,4,5,0.01,centered
3.0500000000000003,1150,50,3.1354942159291497,DNS,,4,5,0.01,centered
3.1500000000000004,1110,55,3.004782109073909,DNS,,4,5,0.01,centered
0.050000000000000266,203674,59783,1.2257993367972642,DNS,,4,10,0.02,raw_zero
0.15000000000000036,100293,9458,2.361234957682611,DNS,,4,10,0.02,raw_zero
0.25,56792,4072,2.6352611914888633,DNS,,4,10,0.02,raw_zero
0.3500000000000001,37567,2422,2.7415323603218176,DNS,,4,10,0.02,raw_zero
0.4500000000000002,26260,1656,2.7636418129115823,DNS,,4,10,0.02,raw_zero
0.5500000000000003,19398,1078,2.8900624954845457,DNS,,4,10,0.02,raw_zero
0.6500000000000004,15124,819,2.915954081157754,DNS,,4,10,0.02,raw_zero
0.7500000000000004,12311,568,3.0761270319264638,DNS,,4,10,0.02,raw_zero
0.8500000000000005,9810,429,3.129700633631392,DNS,,4,10,0.02,raw_zero
0.9500000000000002,8181,355,3.1374518820382824,DNS,,4,10,0.02,raw_zero
1.0500000000000003,6898,273,3.2295149983118265,DNS,,4,10,0.02,raw_zero
1.1500000000000004,5803,223,3.2589585327304897,DNS,,4,10,0.02,raw_zero
1.2500000000000004,5004,171,3.376329315084142,DNS,,4,10,0.02,raw_zero
1.3500000000000005,4420,142,3.438067917470483,DNS,,4,10,0.02,raw_zero
1.4500000000000002,3893,103,3.63220635938082,DNS,,4,10,0.02,raw_zero
1.5500000000000003,3362,85,3.6776400574782446,DNS,,4,10,0.02,raw_zero
1.6500000000000004,2986,78,3.644981151409544,DNS,,4,10,0.02,raw_zero
1.7500000000000004,2755,70,3.672677479537656,DNS,,4,10,0.02,raw_zero
1.8500000000000005,2338,57,3.7139998741974636,DNS,,4,10,0.02,raw_zero
1.9500000000000002,2184,55,3.6815801516323248,DNS,,4,10,0.02,raw_zero
0.050000000000000266,25333,36048,-0.35274349005296995,DNS,,4,10,0.02,centered
0.15000000000000036,18751,54061,-1.0588659543148586,DNS,,4,10,0.02,centered
0.25,14800,93272,-1.840892774860921,DNS,,4,10,0.02,centered
0.3500000000000001,12070,190555,-2.7592178316982356,DNS,,4,10,0.02,centered
0.4500000000000002,9539,85621,-2.1945419219996563,DNS,,4,10,0.02,centered
0.5500000000000003,8029,10756,-0.29240375120407136,DNS,,4,10,0.02,centered
0.6500000000000004,6790,4324,0.45127004179364294,DNS,,4,10,0.02,centered
0.7500000000000004,5691,2537,0.807903699003842,DNS,,4,10,0.02,centered
0.8500000000000005,4943,1741,1.0435127735387701,DNS,,4,10,0.02,centered
0.9500000000000002,4381,1128,1.3568308557558941,DNS,,4,10,0.02,centered
1.0500000000000003,3831,835,1.5234494198497934,DNS,,4,10,0.02,centered
1.1500000000000004,3311,586,1.7316857479702337,DNS,,4,10,0.02,centered
1.2500000000000004,2939,448,1.881031434003932,DNS,,4,10,0.02,centered
1.3500000000000005,2697,360,2.013791291689574,DNS,,4,10,0.02,centered
1.4500000000000002,2346,287,2.1009848134538,DNS,,4,10,0.02,centered
1.5500000000000003,2192,235,2.2329841339237473,DNS,,4,10,0.02,centered
1.6500000000000004,1994,173,2.444606356024005,DNS,,4,10,0.02,centered
1.7500000000000004,1815,142,2.5480136890976905,DNS,,4,10,0.02,centered
1.8500000000000005,1577,102,2.7383067736787674,DNS,,4,10,0.02,centered
1.9500000000000002,1542,88,2.863498739645068,DNS,,4,10,0.02,centered
2.0500000000000003,1355,84,2.7807399344704877,DNS,,4,10,0.02,centered
2.1500000000000004,1216,68,2.8838143573500057,DNS,,4,10,0.02,centered
2.2500000000000004,1215,54,3.1135153092103742,DNS,,4,10,0.02,centered
2.3500000000000005,1085,55,2.982002080742089,DNS,,4,10,0.02,centered
2.45,957,53,2.8935114779008324,DNS,,4,10,0.02,centered
0.050000000000000266,87993,18215,1.5750118353992264,DNS,,4,20,0.04,raw_zero
0.15000000000000036,55079,2655,3.032323863591428,DNS,,4,20,0.04,raw_zero
0.25,34470,1287,3.2877754519147846,DNS,,4,20,0.04,raw_zero
0.3500000000000001,22698,819,3.3219480100080148,DNS,,4,20,0.04,raw_zero
0.4500000000000002,15802,534,3.3874959543224836,DNS,,4,20,0.04,raw_zero
0.5500000000000003,11811,318,3.6147351968316705,DNS,,4,20,0.04,raw_zero
0.6500000000000004,8936,230,3.659764031825841,DNS,,4,20,0.04,raw_zero
0.7500000000000004,7001,164,3.753941847152999,DNS,,4,20,0.04,raw_zero
0.8500000000000005,5638,144,3.667471372098057,DNS,,4,20,0.04,raw_zero
0.9500000000000002,4741,108,3.7818721357778986,DNS,,4,20,0.04,raw_zero
1.0500000000000003,3878,77,3.9192694139489133,DNS,,4,20,0.04,raw_zero
1.1500000000000004,3466,59,4.073219026369832,DNS,,4,20,0.04,raw_zero
0.050000000000000266,12313,16431,-0.2885141796589595,DNS,,4,20,0.04,centered
0.15000000000000036,9254,24018,-0.9537476587536837,DNS,,4,20,0.04,centered
0.25,7234,36647,-1.622539436063606,DNS,,4,20,0.04,centered
0.3500000000000001,5771,59903,-2.339881211610893,DNS,,4,20,0.04,centered
0.4500000000000002,4925,83742,-2.83341636913051,DNS,,4,20,0.04,centered
0.5500000000000003,3957,12143,-1.1212667096683946,DNS,,4,20,0.04,centered
0.6500000000000004,3490,2326,0.4057516821178631,DNS,,4,20,0.04,centered
0.7500000000000004,3036,1152,0.9690412972596839,DNS,,4,20,0.04,centered
0.8500000000000005,2784,787,1.263415773036907,DNS,,4,20,0.04,centered
0.9500000000000002,2311,496,1.5388596835494532,DNS,,4,20,0.04,centered
1.0500000000000003,2153,307,1.9477697497771658,DNS,,4,20,0.04,centered
1.1500000000000004,1952,224,2.164963715117998,DNS,,4,20,0.04,centered
1.2500000000000004,1810,157,2.4448363189115634,DNS,,4,20,0.04,centered
1.3500000000000005,1570,137,2.438849972514229,DNS,,4,20,0.04,centered
1.4500000000000002,1403,99,2.651248229967871,DNS,,4,20,0.04,centered
1.5500000000000003,1251,78,2.7749896837773194,DNS,,4,20,0.04,centered
1.6500000000000004,1170,62,2.93762464274671,DNS,,4,20,0.04,centered
0.050000000000000266,63072,24060,0.9637262204237768,DNS,,8,5,0.01,raw_zero
0.15000000000000036,35122,4486,2.0578662786556463,DNS,,8,5,0.01,raw_zero
0.25,24256,2216,2.3929602405749235,DNS,,8,5,0.01,raw_zero
0.3500000000000001,18530,1367,2.606772482555456,DNS,,8,5,0.01,raw_zero
0.4500000000000002,14883,850,2.8627385514847963,DNS,,8,5,0.01,raw_zero
0.5500000000000003,12329,576,3.0636018291726614,DNS,,8,5,0.01,raw_zero
0.6500000000000004,9725,372,3.2635613142135003,DNS,,8,5,0.01,raw_zero
0.7500000000000004,7398,271,3.3068461515126986,DNS,,8,5,0.01,raw_zero
0.8500000000000005,5954,184,3.4768827839667362,DNS,,8,5,0.01,raw_zero
0.9500000000000002,5079,108,3.850738443677025,DNS,,8,5,0.01,raw_zero
1.0500000000000003,4385,61,4.275071040632972,DNS,,8,5,0.01,raw_zero
0.050000000000000266,10885,13295,-0.20000233000847242,DNS,,8,5,0.01,centered
0.15000000000000036,8252,16297,-0.6805254465848465,DNS,,8,5,0.01,centered
0.25,6420,20634,-1.1675220829763144,DNS,,8,5,0.01,centered
0.3500000000000001,5481,27553,-1.6148238565285002,DNS,,8,5,0.01,centered
0.4500000000000002,4608,43554,-2.2462076241371687,DNS,,8,5,0.01,centered
0.5500000000000003,4100,58287,-2.6543921102188235,DNS,,8,5,0.01,centered
0.6500000000000004,3800,10103,-0.9778313427132551,DNS,,8,5,0.01,centered
0.7500000000000004,3178,3198,-0.006273546297238242,DNS,,8,5,0.01,centered
0.8500000000000005,2879,1808,0.46522174966005403,DNS,,8,5,0.01,centered
0.9500000000000002,2510,1124,0.8033890016721932,DNS,,8,5,0.01,centered
1.0500000000000003,2189,725,1.1050284426681882,DNS,,8,5,0.01,centered
1.1500000000000004,1882,459,1.4110401100847798,DNS,,8,5,0.01,centered
1.2500000000000004,1696,332,1.6308928474353597,DNS,,8,5,0.01,centered
1.3500000000000005,1505,227,1.8915981597015734,DNS,,8,5,0.01,centered
1.4500000000000002,1407,152,2.2253345362681127,DNS,,8,5,0.01,centered
1.5500000000000003,1260,79,2.7694191474785024,DNS,,8,5,0.01,centered
1.6500000000000004,1187,56,3.053832703874519,DNS,,8,5,0.01,centered
0.050000000000000266,30441,10237,1.0897817760274218,DNS,,8,10,0.02,raw_zero
0.15000000000000036,18197,1908,2.2552011723050107,DNS,,8,10,0.02,raw_zero
0.25,12576,917,2.618438042412523,DNS,,8,10,0.02,raw_zero
0.3500000000000001,9952,553,2.890170813456626,DNS,,8,10,0.02,raw_zero
0.4500000000000002,7879,333,3.1638137812652443,DNS,,8,10,0.02,raw_zero
0.5500000000000003,6638,198,3.5122989615853846,DNS,,8,10,0.02,raw_zero
0.6500000000000004,5143,145,3.5686581033543416,DNS,,8,10,0.02,raw_zero
0.7500000000000004,3772,89,3.7467242740212083,DNS,,8,10,0.02,raw_zero
0.8500000000000005,3124,57,4.003818243125027,DNS,,8,10,0.02,raw_zero
0.050000000000000266,5499,6841,-0.21836766225318327,DNS,,8,10,0.02,centered
0.15000000000000036,3971,8214,-0.7268220633852523,DNS,,8,10,0.02,centered
0.25,3235,10375,-1.1653701381638981,DNS,,8,10,0.02,centered
0.3500000000000001,2673,13324,-1.6063654831746512,DNS,,8,10,0.02,centered
0.4500000000000002,2294,19785,-2.1546270561302086,DNS,,8,10,0.02,centered
0.5500000000000003,2145,30149,-2.6430122027473066,DNS,,8,10,0.02,centered
0.6500000000000004,1781,6541,-1.300915054671551,DNS,,8,10,0.02,centered
0.7500000000000004,1669,1581,0.05416708645236306,DNS,,8,10,0.02,centered
0.8500000000000005,1475,835,0.5689815439230648,DNS,,8,10,0.02,centered
0.9500000000000002,1267,500,0.9297990818989472,DNS,,8,10,0.02,centered
1.0500000000000003,1121,303,1.3082436175627907,DNS,,8,10,0.02,centered
1.1500000000000004,935,180,1.6475896783984767,DNS,,8,10,0.02,centered
1.2500000000000004,865,130,1.895195056476297,DNS,,8,10,0.02,centered
1.3500000000000005,748,89,2.1287666082423375,DNS,,8,10,0.02,centered
0.050000000000000266,13396,3356,1.3842063663269983,DNS,,8,20,0.04,raw_zero
0.15000000000000036,8623,528,2.793092047246063,DNS,,8,20,0.04,raw_zero
0.25,6699,235,3.3501280263641084,DNS,,8,20,0.04,raw_zero
0.3500000000000001,5689,128,3.7942595008310303,DNS,,8,20,0.04,raw_zero
0.4500000000000002,5016,73,4.229928641164365,DNS,,8,20,0.04,raw_zero
0.050000000000000266,2355,3552,-0.4109700976615425,DNS,,8,20,0.04,centered
0.15000000000000036,1860,4538,-0.8919098986325401,DNS,,8,20,0.04,centered
0.25,1587,5374,-1.2197270686490274,DNS,,8,20,0.04,centered
0.3500000000000001,1369,6220,-1.5136893604447763,DNS,,8,20,0.04,centered
0.4500000000000002,1252,7429,-1.7806489874917624,DNS,,8,20,0.04,centered
0.5500000000000003,1063,11202,-2.3549972344278296,DNS,,8,20,0.04,centered
0.6500000000000004,979,9311,-2.252420133358019,DNS,,8,20,0.04,centered
0.7500000000000004,889,1117,-0.22830456355529619,DNS,,8,20,0.04,centered
0.8500000000000005,702,345,0.7103889869944513,DNS,,8,20,0.04,centered
0.9500000000000002,678,159,1.450243085720164,DNS,,8,20,0.04,centered
1.0500000000000003,596,96,1.8258924755975134,DNS,,8,20,0.04,centered
1.1500000000000004,507,55,2.2211778183587123,DNS,,8,20,0.04,centered
