seed,qc_pass,errors,n_frame_files,phase_sha256,hermitian_error_max,unit_modulus_error_max,inverse_imaginary_ratio,surrogate_rtheta_max,surrogate_volumetric_ratio_max,spectrum_error_max,energy_ratio_error_max
2026071301,True,,100,b8efab322109256e96c52ba76385ab888790b6d0d681ff4457b075d19170bbfc,1.12301240400874e-13,4.440892098500626e-16,4.359388681447426e-16,7.449608217236893e-15,2.0357692985330904e-14,7.831910486088262e-16,4.440892098500626e-16
2026071302,True,,100,603eb1e97dc247719bc0da87f8648b8881de1692a6053d5f86a9b4568a03fb29,8.180856448737286e-14,4.440892098500626e-16,4.1996609127121416e-16,6.553396191885364e-15,1.8350795121439044e-14,7.84493444699191e-16,2.220446049250313e-16
2026071303,True,,100,2f306b1aec929659dda75e90018b6ac5b1c3870ddc0d2131bcac86f41d6b3e13,1.1246444161452841e-13,4.440892098500626e-16,4.337774519341586e-16,6.914206727643437e-15,1.7530805299188473e-14,9.78481536455774e-16,2.220446049250313e-16
2026071304,True,,100,7177a00d72433a6bd5089ab46d1d2930bc4639506cd6acf8427965ea08e321bb,1.719417205209172e-13,4.440892098500626e-16,4.82541296625034e-16,7.603209675774276e-15,1.8816500327404007e-14,7.428237740995072e-16,2.220446049250313e-16
2026071305,True,,100,717756f6b2477e584325261157b794fdc1b0479c04913a93d28b92cf819b79f0,8.375784156695752e-14,4.440892098500626e-16,4.2629886282329206e-16,7.346715075007936e-15,1.918804716248925e-14,6.283352816917753e-16,2.220446049250313e-16
2026071306,True,,100,40454cfba6dd456f9213a9a54af5ed594e73fdaba95ea63f4bd418a86ad68811,9.303053861239189e-14,4.440892098500626e-16,4.142020263329117e-16,6.9667695081824206e-15,1.8997614050086185e-14,9.754048780397814e-16,2.220446049250313e-16
2026071307,True,,100,3630f388b8eb22b2130383f66160bb5d186a775eedfd6cd3b65b420b5ecc2eaa,5.2991143842145814e-14,4.440892098500626e-16,3.908181048759132e-16,8.23702262548074e-15,2.254287436960377e-14,7.822310715080926e-16,4.440892098500626e-16
2026071308,True,,100,43b9819b6cbd8a244fc16660ffbc454902f68df7d9c28bbfaf3872ffeabc2ded,4.7767982669899064e-14,4.440892098500626e-16,3.954426998477838e-16,6.6472584313393345e-15,1.7182749612499822e-14,7.23140152633722e-16,2.220446049250313e-16
2026071309,True,,100,cbda24d15177be1acc821a207446865f43e660ec485d1a11888bbf7792f6c401,4.8279202221017913e-14,4.440892098500626e-16,3.889259503090587e-16,7.0703999588459634e-15,1.7242104726212583e-14,6.456297433650088e-16,2.220446049250313e-16
2026071310,True,,100,05dc0bf10745c41520d1a516a099061cb6c5e1acdd19b71b88fd6aeb009f2dcb,9.178288345566103e-14,4.440892098500626e-16,4.2512592157272306e-16,7.542574544799471e-15,1.7787396704952744e-14,1.16881007647156e-15,2.220446049250313e-16
2026071311,True,,100,32523e766ae944c8b549bbf8e754b5a5799a7a6c95bced6a2b7168282b238777,1.0287730935108109e-13,4.440892098500626e-16,4.616970987056943e-16,7.086511044124474e-15,1.849262807678465e-14,9.769342860653473e-16,2.220446049250313e-16
2026071312,True,,100,6f84204e7a0a673a71164d308280171ba4aa11cc808279aca192ca9de5799cc8,1.2685608634854375e-13,4.440892098500626e-16,4.721360533925593e-16,6.615275353880397e-15,1.5114112189599373e-14,9.702649787055045e-16,2.220446049250313e-16
2026071313,True,,100,a89af903af176c0eb05015254c23760abdf5f770540fd8844d7c0ef802eac005,8.566045160650089e-14,4.440892098500626e-16,4.088365507727118e-16,7.525853242153167e-15,1.9958290985179777e-14,9.773321940627871e-16,4.440892098500626e-16
2026071314,True,,100,10191783a7ab48d0d6e4960b69549547668e87692b9462e76cd61c86d2373eb8,1.1713091740142355e-13,4.440892098500626e-16,4.513043499664838e-16,7.12094241076013e-15,1.8758965759640267e-14,7.936003183758278e-16,2.220446049250313e-16
2026071315,True,,100,6c06ea1284cb5771c69bcf8af5c9a0d399d476c9eb86889ed2591cb1909a347c,8.352613346463893e-14,4.440892098500626e-16,4.1455369370939953e-16,7.911043932836543e-15,1.8619452807574612e-14,7.877855630487508e-16,4.440892098500626e-16
2026071316,True,,100,341395a5c8427f646216b5916e6a236fd03dd384283ed96e98f80c163bda0dec,2.0572675300202269e-13,4.440892098500626e-16,4.926240698300562e-16,6.922257213517967e-15,1.9713637172109347e-14,7.851033133061652e-16,2.220446049250313e-16
2026071317,True,,100,a7f7165057eaaef934cf61c4d4b668ee8694201ed3bd525f35048944cf257565,9.323624706951557e-14,4.440892098500626e-16,4.3709075437091274e-16,7.126573357065226e-15,1.4163432398731554e-14,6.028742929897384e-16,2.220446049250313e-16
2026071318,True,,100,23d5e506074edf1b78a2d6f8a73cfedf5fa298f3000b297f6105945a646d9bef,6.545044869504696e-14,4.440892098500626e-16,3.9658329344877117e-16,6.818445351574652e-15,1.6568561551520202e-14,6.510698582337969e-16,2.220446049250313e-16
2026071319,True,,100,9ef7e9df187e68d537c3bd9613a65e375332b0457e7cb50939f0dad574321684,1.1500778650061922e-13,4.440892098500626e-16,4.2623975644030815e-16,6.65693540772499e-15,1.7590430836037516e-14,6.274612825004469e-16,2.220446049250313e-16
2026071320,True,,100,dd60c39a4ef75f08b8dd90d1216b62c52ab5740933fa9f0ffe2b877e8c3acb51,5.353346917114269e-13,4.440892098500626e-16,8.613641380325903e-16,7.843269416974944e-15,2.0618709808310107e-14,7.871895129360462e-16,4.440892098500626e-16
2026071321,True,,100,fd7176f1b94d8a1ca7fc36515a6587b047591f18ad516f9a1aea961b68e80d2c,7.244245645983041e-14,4.440892098500626e-16,4.3573675955740816e-16,6.958788865038293e-15,1.7993380140874558e-14,8.875013431542216e-16,4.440892098500626e-16
2026071322,True,,100,b52913b30273e88af6639eebd77671a9965a833add83695f8b515a1f0b794b2c,1.8695473370198203e-13,4.440892098500626e-16,5.760000293327168e-16,6.8872346200368016e-15,1.7614305504586754e-14,7.826702726999373e-16,2.220446049250313e-16
2026071323,True,,100,a85006e3da4132566ad4c043e009c360e80e694ffd9f62299eba5b283d7023d9,7.518423949468829e-14,4.440892098500626e-16,4.2528220893538426e-16,6.500117928589982e-15,1.557448809198209e-14,7.807736787841745e-16,2.220446049250313e-16
2026071324,True,,100,a56f1326d301fc1449120f1585eb99bff4d923d3a423c7e26603e0200f72ff38,1.352137700048283e-13,4.440892098500626e-16,4.835945838265578e-16,7.078838151161108e-15,1.999857769496584e-14,8.089090357929759e-16,2.220446049250313e-16
2026071325,True,,100,6e1adcffdc564fec77d81759f96af078878571905aa097096e1b945e8124cecf,5.4878044473155686e-14,4.440892098500626e-16,4.119839160409245e-16,7.793861998778147e-15,2.140891648555198e-14,7.901983668873083e-16,2.220446049250313e-16
2026071326,True,,100,b0ef1336339d8dbaf92818deac3e4ebfcb03c64d0e5224df6524e873e36e6ec9,2.9351751818804634e-12,4.440892098500626e-16,4.0753320490416534e-15,7.339994257021119e-15,1.9062515307597915e-14,7.248826331419553e-16,4.440892098500626e-16
2026071327,True,,100,7cbc34d60686c3afeadff8be68bb97681856006ba0e6b53312b282c4f8dd27ec,7.140660902857196e-14,4.440892098500626e-16,4.2823804080266517e-16,6.887591385440729e-15,1.7625174106949872e-14,6.106923423581103e-16,4.440892098500626e-16
2026071328,True,,100,cf5f8c08ccef435f9fa62edc12545705554b1c99aca17b5695f45bc3a70f3d07,9.497458329721352e-14,4.440892098500626e-16,4.346787837294676e-16,6.966326192242001e-15,1.49914389574233e-14,7.839519755884488e-16,2.220446049250313e-16
2026071329,True,,100,8d82376ed7c6644e02262c9eb24ce02c08307db15f69e820af600f3954730a96,7.012005498302777e-14,4.440892098500626e-16,4.17452106177617e-16,6.3154340532187554e-15,1.5266285926981748e-14,9.761121432604548e-16,4.440892098500626e-16
2026071330,True,,100,9fddb0beef6299c5e4562268faa1b87194e575af8380c6737119883e90c5ac5e,9.851246379512029e-14,4.440892098500626e-16,4.1304677889451933e-16,7.584986706548004e-15,2.236611057554856e-14,6.130673753161884e-16,2.220446049250313e-16
2026071331,True,,100,00e18af5c40edbe3273857f1bec26edf846a2e74abc2f7e560e49ea3b06cae4e,5.877474974654836e-14,4.440892098500626e-16,4.088892803818566e-16,7.934301793107171e-15,2.3707353781426886e-14,7.849888784339353e-16,2.220446049250313e-16
2026071332,True,,100,703c2fb0090cc0d08054415482fb2e4e2f7ef208b7abe8b8fce35a032eef147e,8.902368858114693e-14,4.440892098500626e-16,4.1902937104897457e-16,7.281899683537125e-15,2.064942658397189e-14,6.269522399684391e-16,2.220446049250313e-16
