seed,statistic_type,scale,window_frames,metric,value
2026071301,instantaneous,4,0,sign_bias_Pi,-5.46875000001501e-06
2026071301,instantaneous,4,0,normalized_mean_Pi,0.0050837791040086
2026071301,instantaneous,8,0,sign_bias_Pi,-0.0651085069444444
2026071301,instantaneous,8,0,normalized_mean_Pi,-0.1667515818951242
2026071301,finite_time,4,5,sign_bias_I,-0.0001531249999999
2026071301,finite_time,4,5,normalized_mean_I,0.0052934177949566
2026071301,finite_time,4,10,sign_bias_I,-0.0001765624999999
2026071301,finite_time,4,10,normalized_mean_I,0.0057874220102846
2026071301,finite_time,4,20,sign_bias_I,0.0007875
2026071301,finite_time,4,20,normalized_mean_I,0.0069436341738982
2026071301,finite_time,8,5,sign_bias_I,-0.066359230324074
2026071301,finite_time,8,5,normalized_mean_I,-0.1695266542314055
2026071301,finite_time,8,10,sign_bias_I,-0.0718894675925925
2026071301,finite_time,8,10,normalized_mean_I,-0.1770395224337517
2026071301,finite_time,8,20,sign_bias_I,-0.0848234953703703
2026071301,finite_time,8,20,normalized_mean_I,-0.1967418984851274
2026071302,instantaneous,4,0,sign_bias_Pi,0.0004425
2026071302,instantaneous,4,0,normalized_mean_Pi,-0.0108851895203762
2026071302,instantaneous,8,0,sign_bias_Pi,1.953124999998224e-05
2026071302,instantaneous,8,0,normalized_mean_Pi,-0.0536558608476223
2026071302,finite_time,4,5,sign_bias_I,0.00073359375
2026071302,finite_time,4,5,normalized_mean_I,-0.0113485812062059
2026071302,finite_time,4,10,sign_bias_I,-0.00028125
2026071302,finite_time,4,10,normalized_mean_I,-0.0124445941841296
2026071302,finite_time,4,20,sign_bias_I,0.0001468749999999
2026071302,finite_time,4,20,normalized_mean_I,-0.0150067336182428
2026071302,finite_time,8,5,sign_bias_I,-5.787037037036091e-05
2026071302,finite_time,8,5,normalized_mean_I,-0.0546560439041563
2026071302,finite_time,8,10,sign_bias_I,-0.0018156828703703
2026071302,finite_time,8,10,normalized_mean_I,-0.0574153695939112
2026071302,finite_time,8,20,sign_bias_I,-0.001953125
2026071302,finite_time,8,20,normalized_mean_I,-0.0660495211906117
2026071303,instantaneous,4,0,sign_bias_Pi,0.00893046875
2026071303,instantaneous,4,0,normalized_mean_Pi,0.0256309549926153
2026071303,instantaneous,8,0,sign_bias_Pi,0.0288874421296296
2026071303,instantaneous,8,0,normalized_mean_Pi,0.0539057767730937
2026071303,finite_time,4,5,sign_bias_I,0.0100054687499999
2026071303,finite_time,4,5,normalized_mean_I,0.0267720970472279
2026071303,finite_time,4,10,sign_bias_I,0.01190625
2026071303,finite_time,4,10,normalized_mean_I,0.0294435659439475
2026071303,finite_time,4,20,sign_bias_I,0.01365
2026071303,finite_time,4,20,normalized_mean_I,0.0356519209229625
2026071303,finite_time,8,5,sign_bias_I,0.0304723668981481
2026071303,finite_time,8,5,normalized_mean_I,0.0550228780521207
2026071303,finite_time,8,10,sign_bias_I,0.033058449074074
2026071303,finite_time,8,10,normalized_mean_I,0.0580493472551218
2026071303,finite_time,8,20,sign_bias_I,0.0392216435185185
2026071303,finite_time,8,20,normalized_mean_I,0.0668572218986614
2026071304,instantaneous,4,0,sign_bias_Pi,0.0078828125
2026071304,instantaneous,4,0,normalized_mean_Pi,0.027151440678524
2026071304,instantaneous,8,0,sign_bias_Pi,-0.0187232349537037
2026071304,instantaneous,8,0,normalized_mean_Pi,-0.0437014371358572
2026071304,finite_time,4,5,sign_bias_I,0.008409375
2026071304,finite_time,4,5,normalized_mean_I,0.0283108409107579
2026071304,finite_time,4,10,sign_bias_I,0.0096859375
2026071304,finite_time,4,10,normalized_mean_I,0.0310590658129928
2026071304,finite_time,4,20,sign_bias_I,0.012528125
2026071304,finite_time,4,20,normalized_mean_I,0.0372762427106474
2026071304,finite_time,8,5,sign_bias_I,-0.019484230324074
2026071304,finite_time,8,5,normalized_mean_I,-0.0446872679074716
2026071304,finite_time,8,10,sign_bias_I,-0.0199218749999999
2026071304,finite_time,8,10,normalized_mean_I,-0.047355576254422
2026071304,finite_time,8,20,sign_bias_I,-0.0254918981481481
2026071304,finite_time,8,20,normalized_mean_I,-0.0547041056730436
2026071305,instantaneous,4,0,sign_bias_Pi,0.00641625
2026071305,instantaneous,4,0,normalized_mean_Pi,0.0076178650559757
2026071305,instantaneous,8,0,sign_bias_Pi,-0.012589699074074
2026071305,instantaneous,8,0,normalized_mean_Pi,-0.0727893681460914
2026071305,finite_time,4,5,sign_bias_I,0.0066945312499999
2026071305,finite_time,4,5,normalized_mean_I,0.0079195883578256
2026071305,finite_time,4,10,sign_bias_I,0.0077140624999999
2026071305,finite_time,4,10,normalized_mean_I,0.0086378731318632
2026071305,finite_time,4,20,sign_bias_I,0.0078343749999999
2026071305,finite_time,4,20,normalized_mean_I,0.0102975903382804
2026071305,finite_time,8,5,sign_bias_I,-0.0133029513888888
2026071305,finite_time,8,5,normalized_mean_I,-0.0743841917543028
2026071305,finite_time,8,10,sign_bias_I,-0.0154947916666666
2026071305,finite_time,8,10,normalized_mean_I,-0.0787691270538664
2026071305,finite_time,8,20,sign_bias_I,-0.0128038194444444
2026071305,finite_time,8,20,normalized_mean_I,-0.0917260208293135
2026071306,instantaneous,4,0,sign_bias_Pi,0.0132628125
2026071306,instantaneous,4,0,normalized_mean_Pi,0.0181362001505243
2026071306,instantaneous,8,0,sign_bias_Pi,0.0097800925925926
2026071306,instantaneous,8,0,normalized_mean_Pi,-0.0743197552353272
2026071306,finite_time,4,5,sign_bias_I,0.0139109375
2026071306,finite_time,4,5,normalized_mean_I,0.0188879856908667
2026071306,finite_time,4,10,sign_bias_I,0.014759375
2026071306,finite_time,4,10,normalized_mean_I,0.0206758674386151
2026071306,finite_time,4,20,sign_bias_I,0.017328125
2026071306,finite_time,4,20,normalized_mean_I,0.0247695634096376
2026071306,finite_time,8,5,sign_bias_I,0.0102647569444443
2026071306,finite_time,8,5,normalized_mean_I,-0.075657328995845
2026071306,finite_time,8,10,sign_bias_I,0.0098234953703704
2026071306,finite_time,8,10,normalized_mean_I,-0.0793417850387963
2026071306,finite_time,8,20,sign_bias_I,0.0059317129629629
2026071306,finite_time,8,20,normalized_mean_I,-0.09021186695337
2026071307,instantaneous,4,0,sign_bias_Pi,-0.0084860937499999
2026071307,instantaneous,4,0,normalized_mean_Pi,-0.0229770805209479
2026071307,instantaneous,8,0,sign_bias_Pi,-0.0091493055555555
2026071307,instantaneous,8,0,normalized_mean_Pi,-0.0297168915083224
2026071307,finite_time,4,5,sign_bias_I,-0.0089257812499999
2026071307,finite_time,4,5,normalized_mean_I,-0.0239985151257281
2026071307,finite_time,4,10,sign_bias_I,-0.010621875
2026071307,finite_time,4,10,normalized_mean_I,-0.0264027684737796
2026071307,finite_time,4,20,sign_bias_I,-0.011471875
2026071307,finite_time,4,20,normalized_mean_I,-0.0321572604758342
2026071307,finite_time,8,5,sign_bias_I,-0.0100224247685185
2026071307,finite_time,8,5,normalized_mean_I,-0.0304020448276386
2026071307,finite_time,8,10,sign_bias_I,-0.0133897569444444
2026071307,finite_time,8,10,normalized_mean_I,-0.0322555359146447
2026071307,finite_time,8,20,sign_bias_I,-0.0215567129629629
2026071307,finite_time,8,20,normalized_mean_I,-0.0373359798053038
2026071308,instantaneous,4,0,sign_bias_Pi,-0.01937546875
2026071308,instantaneous,4,0,normalized_mean_Pi,-0.0587944978882174
2026071308,instantaneous,8,0,sign_bias_Pi,-0.0519712094907407
2026071308,instantaneous,8,0,normalized_mean_Pi,-0.0706178465112198
2026071308,finite_time,4,5,sign_bias_I,-0.020265625
2026071308,finite_time,4,5,normalized_mean_I,-0.0613048693332386
2026071308,finite_time,4,10,sign_bias_I,-0.0223640625
2026071308,finite_time,4,10,normalized_mean_I,-0.0672770959302102
2026071308,finite_time,4,20,sign_bias_I,-0.0253687499999999
2026071308,finite_time,4,20,normalized_mean_I,-0.0815682919358506
2026071308,finite_time,8,5,sign_bias_I,-0.0531901041666666
2026071308,finite_time,8,5,normalized_mean_I,-0.0718654801617383
2026071308,finite_time,8,10,sign_bias_I,-0.0556061921296296
2026071308,finite_time,8,10,normalized_mean_I,-0.0752616740324123
2026071308,finite_time,8,20,sign_bias_I,-0.0608362268518518
2026071308,finite_time,8,20,normalized_mean_I,-0.0851939436380859
2026071309,instantaneous,4,0,sign_bias_Pi,0.00515109375
2026071309,instantaneous,4,0,normalized_mean_Pi,0.026801704962438
2026071309,instantaneous,8,0,sign_bias_Pi,0.0666753472222222
2026071309,instantaneous,8,0,normalized_mean_Pi,0.1911701733658388
2026071309,finite_time,4,5,sign_bias_I,0.0054390625
2026071309,finite_time,4,5,normalized_mean_I,0.0279140289629774
2026071309,finite_time,4,10,sign_bias_I,0.0063468749999999
2026071309,finite_time,4,10,normalized_mean_I,0.0305774615419044
2026071309,finite_time,4,20,sign_bias_I,0.0083499999999999
2026071309,finite_time,4,20,normalized_mean_I,0.0367441951934696
2026071309,finite_time,8,5,sign_bias_I,0.0688621238425926
2026071309,finite_time,8,5,normalized_mean_I,0.1950514431897301
2026071309,finite_time,8,10,sign_bias_I,0.0736472800925925
2026071309,finite_time,8,10,normalized_mean_I,0.2057936994819135
2026071309,finite_time,8,20,sign_bias_I,0.0883680555555556
2026071309,finite_time,8,20,normalized_mean_I,0.2366874786832448
2026071310,instantaneous,4,0,sign_bias_Pi,-0.0140668749999999
2026071310,instantaneous,4,0,normalized_mean_Pi,-0.0231887389220601
2026071310,instantaneous,8,0,sign_bias_Pi,-0.0001714409722222
2026071310,instantaneous,8,0,normalized_mean_Pi,0.0068579547311682
2026071310,finite_time,4,5,sign_bias_I,-0.0144234375
2026071310,finite_time,4,5,normalized_mean_I,-0.024162200393487
2026071310,finite_time,4,10,sign_bias_I,-0.0161343749999999
2026071310,finite_time,4,10,normalized_mean_I,-0.0264664496318059
2026071310,finite_time,4,20,sign_bias_I,-0.0171781249999999
2026071310,finite_time,4,20,normalized_mean_I,-0.0318939605429751
2026071310,finite_time,8,5,sign_bias_I,-0.0001989293981481
2026071310,finite_time,8,5,normalized_mean_I,0.0069982003943379
2026071310,finite_time,8,10,sign_bias_I,0.0010706018518518
2026071310,finite_time,8,10,normalized_mean_I,0.0073873624111676
2026071310,finite_time,8,20,sign_bias_I,0.0078125
2026071310,finite_time,8,20,normalized_mean_I,0.0085149148068287
2026071311,instantaneous,4,0,sign_bias_Pi,-0.01149109375
2026071311,instantaneous,4,0,normalized_mean_Pi,-0.0350891541956351
2026071311,instantaneous,8,0,sign_bias_Pi,0.0161074942129629
2026071311,instantaneous,8,0,normalized_mean_Pi,0.0238092352006224
2026071311,finite_time,4,5,sign_bias_I,-0.01205703125
2026071311,finite_time,4,5,normalized_mean_I,-0.0365881852859909
2026071311,finite_time,4,10,sign_bias_I,-0.0134687499999999
2026071311,finite_time,4,10,normalized_mean_I,-0.0401202085641526
2026071311,finite_time,4,20,sign_bias_I,-0.017525
2026071311,finite_time,4,20,normalized_mean_I,-0.0480732726705684
2026071311,finite_time,8,5,sign_bias_I,0.0170392071759258
2026071311,finite_time,8,5,normalized_mean_I,0.0242957246330376
2026071311,finite_time,8,10,sign_bias_I,0.0176576967592592
2026071311,finite_time,8,10,normalized_mean_I,0.0256397767447645
2026071311,finite_time,8,20,sign_bias_I,0.0192274305555555
2026071311,finite_time,8,20,normalized_mean_I,0.0295296983657358
2026071312,instantaneous,4,0,sign_bias_Pi,-0.0021014062499999
2026071312,instantaneous,4,0,normalized_mean_Pi,-0.003682575896892
2026071312,instantaneous,8,0,sign_bias_Pi,-0.0504868344907407
2026071312,instantaneous,8,0,normalized_mean_Pi,-0.0666873384844768
2026071312,finite_time,4,5,sign_bias_I,-0.00226953125
2026071312,finite_time,4,5,normalized_mean_I,-0.0038323352223591
2026071312,finite_time,4,10,sign_bias_I,-0.0033140624999999
2026071312,finite_time,4,10,normalized_mean_I,-0.0041887860742582
2026071312,finite_time,4,20,sign_bias_I,-0.0061062499999999
2026071312,finite_time,4,20,normalized_mean_I,-0.0050179424959581
2026071312,finite_time,8,5,sign_bias_I,-0.0521592881944444
2026071312,finite_time,8,5,normalized_mean_I,-0.0679280484546154
2026071312,finite_time,8,10,sign_bias_I,-0.0567201967592592
2026071312,finite_time,8,10,normalized_mean_I,-0.0713348895440558
2026071312,finite_time,8,20,sign_bias_I,-0.0674479166666666
2026071312,finite_time,8,20,normalized_mean_I,-0.0813637448491763
2026071313,instantaneous,4,0,sign_bias_Pi,-0.0284671874999999
2026071313,instantaneous,4,0,normalized_mean_Pi,-0.0738849363927016
2026071313,instantaneous,8,0,sign_bias_Pi,-0.0751627604166666
2026071313,instantaneous,8,0,normalized_mean_Pi,-0.2255347691865311
2026071313,finite_time,4,5,sign_bias_I,-0.0303109375
2026071313,finite_time,4,5,normalized_mean_I,-0.0771352952590238
2026071313,finite_time,4,10,sign_bias_I,-0.0337828124999999
2026071313,finite_time,4,10,normalized_mean_I,-0.0848086162596755
2026071313,finite_time,4,20,sign_bias_I,-0.0434375
2026071313,finite_time,4,20,normalized_mean_I,-0.1023434215348736
2026071313,finite_time,8,5,sign_bias_I,-0.0771882233796296
2026071313,finite_time,8,5,normalized_mean_I,-0.2304984806982327
2026071313,finite_time,8,10,sign_bias_I,-0.0812282986111111
2026071313,finite_time,8,10,normalized_mean_I,-0.243626612433383
2026071313,finite_time,8,20,sign_bias_I,-0.1010127314814814
2026071313,finite_time,8,20,normalized_mean_I,-0.2789877142471531
2026071314,instantaneous,4,0,sign_bias_Pi,0.0045040625
2026071314,instantaneous,4,0,normalized_mean_Pi,0.0078137830421247
2026071314,instantaneous,8,0,sign_bias_Pi,-0.0584968171296296
2026071314,instantaneous,8,0,normalized_mean_Pi,-0.1629554286231692
2026071314,finite_time,4,5,sign_bias_I,0.0046617187499999
2026071314,finite_time,4,5,normalized_mean_I,0.0081422687010145
2026071314,finite_time,4,10,sign_bias_I,0.0037374999999999
2026071314,finite_time,4,10,normalized_mean_I,0.0089165765597795
2026071314,finite_time,4,20,sign_bias_I,0.002359375
2026071314,finite_time,4,20,normalized_mean_I,0.0106912809430642
2026071314,finite_time,8,5,sign_bias_I,-0.0596824363425925
2026071314,finite_time,8,5,normalized_mean_I,-0.1659427573730655
2026071314,finite_time,8,10,sign_bias_I,-0.0634693287037037
2026071314,finite_time,8,10,normalized_mean_I,-0.174137463803477
2026071314,finite_time,8,20,sign_bias_I,-0.0778645833333333
2026071314,finite_time,8,20,normalized_mean_I,-0.1982771138834648
2026071315,instantaneous,4,0,sign_bias_Pi,-0.0123071874999999
2026071315,instantaneous,4,0,normalized_mean_Pi,-0.0290966279186397
2026071315,instantaneous,8,0,sign_bias_Pi,-0.0393525752314815
2026071315,instantaneous,8,0,normalized_mean_Pi,-0.0417842554571038
2026071315,finite_time,4,5,sign_bias_I,-0.0128335937499999
2026071315,finite_time,4,5,normalized_mean_I,-0.0303035590199265
2026071315,finite_time,4,10,sign_bias_I,-0.0129859374999999
2026071315,finite_time,4,10,normalized_mean_I,-0.033200800773395
2026071315,finite_time,4,20,sign_bias_I,-0.0133437499999999
2026071315,finite_time,4,20,normalized_mean_I,-0.0398712161841645
2026071315,finite_time,8,5,sign_bias_I,-0.039992042824074
2026071315,finite_time,8,5,normalized_mean_I,-0.0425362635951342
2026071315,finite_time,8,10,sign_bias_I,-0.0425491898148148
2026071315,finite_time,8,10,normalized_mean_I,-0.0446246159842653
2026071315,finite_time,8,20,sign_bias_I,-0.0458478009259259
2026071315,finite_time,8,20,normalized_mean_I,-0.0508640923084702
2026071316,instantaneous,4,0,sign_bias_Pi,-0.0236996875
2026071316,instantaneous,4,0,normalized_mean_Pi,-0.0446425954656682
2026071316,instantaneous,8,0,sign_bias_Pi,-0.0058752893518518
2026071316,instantaneous,8,0,normalized_mean_Pi,-0.0219355761391815
2026071316,finite_time,4,5,sign_bias_I,-0.0251007812499999
2026071316,finite_time,4,5,normalized_mean_I,-0.0463895247235361
2026071316,finite_time,4,10,sign_bias_I,-0.0287890625
2026071316,finite_time,4,10,normalized_mean_I,-0.0505844993515284
2026071316,finite_time,4,20,sign_bias_I,-0.0338531249999999
2026071316,finite_time,4,20,normalized_mean_I,-0.0603484076218793
2026071316,finite_time,8,5,sign_bias_I,-0.0058521412037036
2026071316,finite_time,8,5,normalized_mean_I,-0.0223000587016067
2026071316,finite_time,8,10,sign_bias_I,-0.0078993055555555
2026071316,finite_time,8,10,normalized_mean_I,-0.0232816955007775
2026071316,finite_time,8,20,sign_bias_I,-0.0092447916666666
2026071316,finite_time,8,20,normalized_mean_I,-0.0262786653916048
2026071317,instantaneous,4,0,sign_bias_Pi,-0.0219334374999999
2026071317,instantaneous,4,0,normalized_mean_Pi,-0.0432887527840585
2026071317,instantaneous,8,0,sign_bias_Pi,-0.0476114004629629
2026071317,instantaneous,8,0,normalized_mean_Pi,-0.1617314371356195
2026071317,finite_time,4,5,sign_bias_I,-0.022809375
2026071317,finite_time,4,5,normalized_mean_I,-0.0450502422892531
2026071317,finite_time,4,10,sign_bias_I,-0.024390625
2026071317,finite_time,4,10,normalized_mean_I,-0.0492131950026609
2026071317,finite_time,4,20,sign_bias_I,-0.02693125
2026071317,finite_time,4,20,normalized_mean_I,-0.0587268027913031
2026071317,finite_time,8,5,sign_bias_I,-0.0475188078703703
2026071317,finite_time,8,5,normalized_mean_I,-0.1640584684786755
2026071317,finite_time,8,10,sign_bias_I,-0.0484592013888888
2026071317,finite_time,8,10,normalized_mean_I,-0.1704053111703435
2026071317,finite_time,8,20,sign_bias_I,-0.0537326388888889
2026071317,finite_time,8,20,normalized_mean_I,-0.1887117369787845
2026071318,instantaneous,4,0,sign_bias_Pi,-0.0034796874999999
2026071318,instantaneous,4,0,normalized_mean_Pi,-0.0133101982180183
2026071318,instantaneous,8,0,sign_bias_Pi,-0.0139981192129629
2026071318,instantaneous,8,0,normalized_mean_Pi,-0.043111704497755
2026071318,finite_time,4,5,sign_bias_I,-0.0035968749999999
2026071318,finite_time,4,5,normalized_mean_I,-0.0138433190241766
2026071318,finite_time,4,10,sign_bias_I,-0.0042609375
2026071318,finite_time,4,10,normalized_mean_I,-0.0150916639534518
2026071318,finite_time,4,20,sign_bias_I,-0.0056281249999999
2026071318,finite_time,4,20,normalized_mean_I,-0.0178870816735349
2026071318,finite_time,8,5,sign_bias_I,-0.0140407986111111
2026071318,finite_time,8,5,normalized_mean_I,-0.0438595920755019
2026071318,finite_time,8,10,sign_bias_I,-0.0153935185185185
2026071318,finite_time,8,10,normalized_mean_I,-0.045855843011788
2026071318,finite_time,8,20,sign_bias_I,-0.0205295138888889
2026071318,finite_time,8,20,normalized_mean_I,-0.0516306720176451
2026071319,instantaneous,4,0,sign_bias_Pi,-0.0027318749999999
2026071319,instantaneous,4,0,normalized_mean_Pi,-0.0198293272494254
2026071319,instantaneous,8,0,sign_bias_Pi,0.0130989583333333
2026071319,instantaneous,8,0,normalized_mean_Pi,0.0324521768184666
2026071319,finite_time,4,5,sign_bias_I,-0.00336328125
2026071319,finite_time,4,5,normalized_mean_I,-0.0206238653897755
2026071319,finite_time,4,10,sign_bias_I,-0.0037796875
2026071319,finite_time,4,10,normalized_mean_I,-0.0224785004699713
2026071319,finite_time,4,20,sign_bias_I,-0.0046625
2026071319,finite_time,4,20,normalized_mean_I,-0.0267272647777178
2026071319,finite_time,8,5,sign_bias_I,0.0130280671296296
2026071319,finite_time,8,5,normalized_mean_I,0.0330062915690664
2026071319,finite_time,8,10,sign_bias_I,0.0139973958333333
2026071319,finite_time,8,10,normalized_mean_I,0.0345141296549736
2026071319,finite_time,8,20,sign_bias_I,0.0142795138888889
2026071319,finite_time,8,20,normalized_mean_I,0.0388796776800732
2026071320,instantaneous,4,0,sign_bias_Pi,0.0027964062499999
2026071320,instantaneous,4,0,normalized_mean_Pi,0.0230554240880075
2026071320,instantaneous,8,0,sign_bias_Pi,0.0376128472222222
2026071320,instantaneous,8,0,normalized_mean_Pi,0.1323974971940592
2026071320,finite_time,4,5,sign_bias_I,0.0032828124999999
2026071320,finite_time,4,5,normalized_mean_I,0.0239472619580579
2026071320,finite_time,4,10,sign_bias_I,0.0046781249999999
2026071320,finite_time,4,10,normalized_mean_I,0.0260645484590697
2026071320,finite_time,4,20,sign_bias_I,0.00769375
2026071320,finite_time,4,20,normalized_mean_I,0.0308191006176788
2026071320,finite_time,8,5,sign_bias_I,0.0387261284722222
2026071320,finite_time,8,5,normalized_mean_I,0.1348832801700376
2026071320,finite_time,8,10,sign_bias_I,0.0403067129629629
2026071320,finite_time,8,10,normalized_mean_I,0.1416248998193976
2026071320,finite_time,8,20,sign_bias_I,0.0481047453703703
2026071320,finite_time,8,20,normalized_mean_I,0.1601411785539132
2026071321,instantaneous,4,0,sign_bias_Pi,0.01015578125
2026071321,instantaneous,4,0,normalized_mean_Pi,0.0162170879224441
2026071321,instantaneous,8,0,sign_bias_Pi,0.0289416956018518
2026071321,instantaneous,8,0,normalized_mean_Pi,0.0843666264275991
2026071321,finite_time,4,5,sign_bias_I,0.0103867187499999
2026071321,finite_time,4,5,normalized_mean_I,0.0169184791493372
2026071321,finite_time,4,10,sign_bias_I,0.010809375
2026071321,finite_time,4,10,normalized_mean_I,0.0185774979681547
2026071321,finite_time,4,20,sign_bias_I,0.0120218749999999
2026071321,finite_time,4,20,normalized_mean_I,0.0224492860066689
2026071321,finite_time,8,5,sign_bias_I,0.0289858217592592
2026071321,finite_time,8,5,normalized_mean_I,0.0859398235567369
2026071321,finite_time,8,10,sign_bias_I,0.0306568287037036
2026071321,finite_time,8,10,normalized_mean_I,0.0903180041093251
2026071321,finite_time,8,20,sign_bias_I,0.031177662037037
2026071321,finite_time,8,20,normalized_mean_I,0.1033814683320111
2026071322,instantaneous,4,0,sign_bias_Pi,-0.0152149999999999
2026071322,instantaneous,4,0,normalized_mean_Pi,-0.0382015152852922
2026071322,instantaneous,8,0,sign_bias_Pi,-0.0260141782407407
2026071322,instantaneous,8,0,normalized_mean_Pi,-0.0238127302866719
2026071322,finite_time,4,5,sign_bias_I,-0.01620078125
2026071322,finite_time,4,5,normalized_mean_I,-0.0396025795169307
2026071322,finite_time,4,10,sign_bias_I,-0.0179156249999999
2026071322,finite_time,4,10,normalized_mean_I,-0.0429342415697738
2026071322,finite_time,4,20,sign_bias_I,-0.02166875
2026071322,finite_time,4,20,normalized_mean_I,-0.0506951085721514
2026071322,finite_time,8,5,sign_bias_I,-0.0266782407407407
2026071322,finite_time,8,5,normalized_mean_I,-0.0242180798096315
2026071322,finite_time,8,10,sign_bias_I,-0.0293402777777777
2026071322,finite_time,8,10,normalized_mean_I,-0.0253264438586552
2026071322,finite_time,8,20,sign_bias_I,-0.032667824074074
2026071322,finite_time,8,20,normalized_mean_I,-0.028307946021397
2026071323,instantaneous,4,0,sign_bias_Pi,0.0061045312499999
2026071323,instantaneous,4,0,normalized_mean_Pi,0.0121963633941803
2026071323,instantaneous,8,0,sign_bias_Pi,0.0176895254629629
2026071323,instantaneous,8,0,normalized_mean_Pi,0.1041745741776195
2026071323,finite_time,4,5,sign_bias_I,0.00687421875
2026071323,finite_time,4,5,normalized_mean_I,0.0126992760630877
2026071323,finite_time,4,10,sign_bias_I,0.0084140624999999
2026071323,finite_time,4,10,normalized_mean_I,0.01388460930052
2026071323,finite_time,4,20,sign_bias_I,0.0116625
2026071323,finite_time,4,20,normalized_mean_I,0.0166201816003809
2026071323,finite_time,8,5,sign_bias_I,0.0179759837962962
2026071323,finite_time,8,5,normalized_mean_I,0.105891108088176
2026071323,finite_time,8,10,sign_bias_I,0.018532986111111
2026071323,finite_time,8,10,normalized_mean_I,0.1105126400050512
2026071323,finite_time,8,20,sign_bias_I,0.0172598379629629
2026071323,finite_time,8,20,normalized_mean_I,0.1232467928859969
2026071324,instantaneous,4,0,sign_bias_Pi,0.0029
2026071324,instantaneous,4,0,normalized_mean_Pi,-0.01004407235989
2026071324,instantaneous,8,0,sign_bias_Pi,-0.0236197916666666
2026071324,instantaneous,8,0,normalized_mean_Pi,-0.0723963098271202
2026071324,finite_time,4,5,sign_bias_I,0.00276640625
2026071324,finite_time,4,5,normalized_mean_I,-0.0104581567936739
2026071324,finite_time,4,10,sign_bias_I,0.0026515624999999
2026071324,finite_time,4,10,normalized_mean_I,-0.0114378109383245
2026071324,finite_time,4,20,sign_bias_I,0.0030062499999999
2026071324,finite_time,4,20,normalized_mean_I,-0.0136581939260216
2026071324,finite_time,8,5,sign_bias_I,-0.0247251157407407
2026071324,finite_time,8,5,normalized_mean_I,-0.0736814930804761
2026071324,finite_time,8,10,sign_bias_I,-0.025904224537037
2026071324,finite_time,8,10,normalized_mean_I,-0.0771716022775051
2026071324,finite_time,8,20,sign_bias_I,-0.0347222222222222
2026071324,finite_time,8,20,normalized_mean_I,-0.0870180486499182
2026071325,instantaneous,4,0,sign_bias_Pi,-0.0062893749999999
2026071325,instantaneous,4,0,normalized_mean_Pi,-0.0237573066853169
2026071325,instantaneous,8,0,sign_bias_Pi,-0.0745724826388888
2026071325,instantaneous,8,0,normalized_mean_Pi,-0.1715118066390051
2026071325,finite_time,4,5,sign_bias_I,-0.006709375
2026071325,finite_time,4,5,normalized_mean_I,-0.0247651324240733
2026071325,finite_time,4,10,sign_bias_I,-0.007378125
2026071325,finite_time,4,10,normalized_mean_I,-0.0270985502428268
2026071325,finite_time,4,20,sign_bias_I,-0.0101375
2026071325,finite_time,4,20,normalized_mean_I,-0.0323787153678329
2026071325,finite_time,8,5,sign_bias_I,-0.0763852719907407
2026071325,finite_time,8,5,normalized_mean_I,-0.175192397913633
2026071325,finite_time,8,10,sign_bias_I,-0.0825520833333333
2026071325,finite_time,8,10,normalized_mean_I,-0.1851068178817079
2026071325,finite_time,8,20,sign_bias_I,-0.0952690972222222
2026071325,finite_time,8,20,normalized_mean_I,-0.2135266889847623
2026071326,instantaneous,4,0,sign_bias_Pi,0.0142356249999999
2026071326,instantaneous,4,0,normalized_mean_Pi,0.0381282472155316
2026071326,instantaneous,8,0,sign_bias_Pi,0.024640480324074
2026071326,instantaneous,8,0,normalized_mean_Pi,0.0345827051372673
2026071326,finite_time,4,5,sign_bias_I,0.0144765624999999
2026071326,finite_time,4,5,normalized_mean_I,0.0397305159107076
2026071326,finite_time,4,10,sign_bias_I,0.014765625
2026071326,finite_time,4,10,normalized_mean_I,0.043519212818349
2026071326,finite_time,4,20,sign_bias_I,0.0163062499999999
2026071326,finite_time,4,20,normalized_mean_I,0.0523893395825844
2026071326,finite_time,8,5,sign_bias_I,0.024244068287037
2026071326,finite_time,8,5,normalized_mean_I,0.0353514507071455
2026071326,finite_time,8,10,sign_bias_I,0.0239076967592593
2026071326,finite_time,8,10,normalized_mean_I,0.0374164280337073
2026071326,finite_time,8,20,sign_bias_I,0.0215422453703704
2026071326,finite_time,8,20,normalized_mean_I,0.0431296987110084
2026071327,instantaneous,4,0,sign_bias_Pi,0.0031953125
2026071327,instantaneous,4,0,normalized_mean_Pi,0.0017971564776938
2026071327,instantaneous,8,0,sign_bias_Pi,-0.0404499421296296
2026071327,instantaneous,8,0,normalized_mean_Pi,-0.1007307057875179
2026071327,finite_time,4,5,sign_bias_I,0.00362578125
2026071327,finite_time,4,5,normalized_mean_I,0.0018709229999092
2026071327,finite_time,4,10,sign_bias_I,0.0047734375
2026071327,finite_time,4,10,normalized_mean_I,0.0020444307157061
2026071327,finite_time,4,20,sign_bias_I,0.0056874999999999
2026071327,finite_time,4,20,normalized_mean_I,0.0024376868329252
2026071327,finite_time,8,5,sign_bias_I,-0.0414351851851851
2026071327,finite_time,8,5,normalized_mean_I,-0.102145600132646
2026071327,finite_time,8,10,sign_bias_I,-0.0439742476851852
2026071327,finite_time,8,10,normalized_mean_I,-0.1059162733571333
2026071327,finite_time,8,20,sign_bias_I,-0.0543113425925925
2026071327,finite_time,8,20,normalized_mean_I,-0.1161686538679064
2026071328,instantaneous,4,0,sign_bias_Pi,-0.0020159375
2026071328,instantaneous,4,0,normalized_mean_Pi,-0.0120321107391022
2026071328,instantaneous,8,0,sign_bias_Pi,-0.008761574074074
2026071328,instantaneous,8,0,normalized_mean_Pi,0.0114049819240281
2026071328,finite_time,4,5,sign_bias_I,-0.0019460937499999
2026071328,finite_time,4,5,normalized_mean_I,-0.0125322727486408
2026071328,finite_time,4,10,sign_bias_I,-0.0007984375
2026071328,finite_time,4,10,normalized_mean_I,-0.0137106797603643
2026071328,finite_time,4,20,sign_bias_I,7.812500000003997e-05
2026071328,finite_time,4,20,normalized_mean_I,-0.0164149240595171
2026071328,finite_time,8,5,sign_bias_I,-0.0082212094907407
2026071328,finite_time,8,5,normalized_mean_I,0.0115916343948732
2026071328,finite_time,8,10,sign_bias_I,-0.0061631944444444
2026071328,finite_time,8,10,normalized_mean_I,0.0121120432961471
2026071328,finite_time,8,20,sign_bias_I,0.002589699074074
2026071328,finite_time,8,20,normalized_mean_I,0.0136645415694049
2026071329,instantaneous,4,0,sign_bias_Pi,-0.020505625
2026071329,instantaneous,4,0,normalized_mean_Pi,-0.0590499246373654
2026071329,instantaneous,8,0,sign_bias_Pi,-0.0457863136574074
2026071329,instantaneous,8,0,normalized_mean_Pi,-0.134378709054808
2026071329,finite_time,4,5,sign_bias_I,-0.0215874999999999
2026071329,finite_time,4,5,normalized_mean_I,-0.0614829334041477
2026071329,finite_time,4,10,sign_bias_I,-0.0245828124999999
2026071329,finite_time,4,10,normalized_mean_I,-0.067277886765005
2026071329,finite_time,4,20,sign_bias_I,-0.029365625
2026071329,finite_time,4,20,normalized_mean_I,-0.0807877368864529
2026071329,finite_time,8,5,sign_bias_I,-0.0472873263888888
2026071329,finite_time,8,5,normalized_mean_I,-0.1367099149092935
2026071329,finite_time,8,10,sign_bias_I,-0.0502893518518518
2026071329,finite_time,8,10,normalized_mean_I,-0.1432309768317451
2026071329,finite_time,8,20,sign_bias_I,-0.0653067129629629
2026071329,finite_time,8,20,normalized_mean_I,-0.1628808117127491
2026071330,instantaneous,4,0,sign_bias_Pi,0.0027585937499999
2026071330,instantaneous,4,0,normalized_mean_Pi,-0.0065230987284882
2026071330,instantaneous,8,0,sign_bias_Pi,-0.0363491030092592
2026071330,instantaneous,8,0,normalized_mean_Pi,-0.1024045502515086
2026071330,finite_time,4,5,sign_bias_I,0.0031531249999999
2026071330,finite_time,4,5,normalized_mean_I,-0.0067998313578761
2026071330,finite_time,4,10,sign_bias_I,0.0036765625
2026071330,finite_time,4,10,normalized_mean_I,-0.0074509462976334
2026071330,finite_time,4,20,sign_bias_I,0.00313125
2026071330,finite_time,4,20,normalized_mean_I,-0.0089231013113567
2026071330,finite_time,8,5,sign_bias_I,-0.0375687210648147
2026071330,finite_time,8,5,normalized_mean_I,-0.1044893765675217
2026071330,finite_time,8,10,sign_bias_I,-0.0400390625
2026071330,finite_time,8,10,normalized_mean_I,-0.110105196589868
2026071330,finite_time,8,20,sign_bias_I,-0.0486545138888888
2026071330,finite_time,8,20,normalized_mean_I,-0.1266176845640985
2026071331,instantaneous,4,0,sign_bias_Pi,-0.0022407812499999
2026071331,instantaneous,4,0,normalized_mean_Pi,-0.0088022927555355
2026071331,instantaneous,8,0,sign_bias_Pi,-0.0005664062499999
2026071331,instantaneous,8,0,normalized_mean_Pi,-0.0217610129498854
2026071331,finite_time,4,5,sign_bias_I,-0.0024203125
2026071331,finite_time,4,5,normalized_mean_I,-0.0091661035569302
2026071331,finite_time,4,10,sign_bias_I,-0.0028187499999999
2026071331,finite_time,4,10,normalized_mean_I,-0.010022546746784
2026071331,finite_time,4,20,sign_bias_I,-0.0022187499999999
2026071331,finite_time,4,20,normalized_mean_I,-0.0119516498035644
2026071331,finite_time,8,5,sign_bias_I,-0.0003472222222222
2026071331,finite_time,8,5,normalized_mean_I,-0.0221854255930287
2026071331,finite_time,8,10,sign_bias_I,0.0012803819444444
2026071331,finite_time,8,10,normalized_mean_I,-0.0233331320600172
2026071331,finite_time,8,20,sign_bias_I,0.0108072916666667
2026071331,finite_time,8,20,normalized_mean_I,-0.0268365210379828
2026071332,instantaneous,4,0,sign_bias_Pi,-0.0208367187499999
2026071332,instantaneous,4,0,normalized_mean_Pi,-0.0477533916850918
2026071332,instantaneous,8,0,sign_bias_Pi,-0.1049088541666666
2026071332,instantaneous,8,0,normalized_mean_Pi,-0.2573114796979304
2026071332,finite_time,4,5,sign_bias_I,-0.02194296875
2026071332,finite_time,4,5,normalized_mean_I,-0.0497058633450051
2026071332,finite_time,4,10,sign_bias_I,-0.024021875
2026071332,finite_time,4,10,normalized_mean_I,-0.0543189782256173
2026071332,finite_time,4,20,sign_bias_I,-0.0284749999999999
2026071332,finite_time,4,20,normalized_mean_I,-0.0647257546448545
2026071332,finite_time,8,5,sign_bias_I,-0.1077076099537037
2026071332,finite_time,8,5,normalized_mean_I,-0.2621909645280838
2026071332,finite_time,8,10,sign_bias_I,-0.1156973379629629
2026071332,finite_time,8,10,normalized_mean_I,-0.2757103888815402
2026071332,finite_time,8,20,sign_bias_I,-0.1337673611111111
2026071332,finite_time,8,20,normalized_mean_I,-0.3142698747724688
