panel_id,seed,spectrum_error_max,qc_pass,n_frame_files,phase_sha256,source_path,source_sha256,upstream_energy_path,upstream_energy_sha256,upstream_qc_status_sha256
Fig1B_inset,2026071301,7.831910486088262e-16,True,100,b8efab322109256e96c52ba76385ab888790b6d0d681ff4457b075d19170bbfc,phase_ensemble_v1/releases/64_main32_v1/qc_seed_summary_64.csv,2bc0b0b93028e6136ad43e31ef721fe3b01860b5f48577b98538466e3f14e278,phase_ensemble_v1/runs/64_smoke/seed_2026071301/gate/df_phase_randomization_energy_summary.csv,72d91ec7f68d56b3d1feb9d07faa3b162a7f9dd117e21e1c15250f7c0672b643,e797f8fae08f8ea303be507fb63d91e7715a9a5855bc88625e055b2823829e75
Fig1B_inset,2026071302,7.84493444699191e-16,True,100,603eb1e97dc247719bc0da87f8648b8881de1692a6053d5f86a9b4568a03fb29,phase_ensemble_v1/releases/64_main32_v1/qc_seed_summary_64.csv,2bc0b0b93028e6136ad43e31ef721fe3b01860b5f48577b98538466e3f14e278,phase_ensemble_v1/runs/64_smoke/seed_2026071302/gate/df_phase_randomization_energy_summary.csv,188ee7df9dc5ddaaa51e8858d1a7648e17319d5d56339441e8685cc795171a33,0f129c77b8724e6c555910cc10d41cd18a086bf2f40aca9a6b6bc2d39a237ed8
Fig1B_inset,2026071303,9.78481536455774e-16,True,100,2f306b1aec929659dda75e90018b6ac5b1c3870ddc0d2131bcac86f41d6b3e13,phase_ensemble_v1/releases/64_main32_v1/qc_seed_summary_64.csv,2bc0b0b93028e6136ad43e31ef721fe3b01860b5f48577b98538466e3f14e278,phase_ensemble_v1/runs/64_smoke/seed_2026071303/gate/df_phase_randomization_energy_summary.csv,e2657d3cfddec908fd51c6d1d3221ed1691f60ae5dac75358a2613270358313f,9af20d5114c361e0534022589245901357098ffeb36a25ac12aa832394e7988b
Fig1B_inset,2026071304,7.428237740995072e-16,True,100,7177a00d72433a6bd5089ab46d1d2930bc4639506cd6acf8427965ea08e321bb,phase_ensemble_v1/releases/64_main32_v1/qc_seed_summary_64.csv,2bc0b0b93028e6136ad43e31ef721fe3b01860b5f48577b98538466e3f14e278,phase_ensemble_v1/runs/64_smoke/seed_2026071304/gate/df_phase_randomization_energy_summary.csv,eb5c6a2c598b298d9f222779da8812a3777607d8c1589dc5fe285ef34436997a,f9c903fbd32472b8b09b1435367039d36aaf7d17782b46967ab3f6aa04d055a5
Fig1B_inset,2026071305,6.283352816917753e-16,True,100,717756f6b2477e584325261157b794fdc1b0479c04913a93d28b92cf819b79f0,phase_ensemble_v1/releases/64_main32_v1/qc_seed_summary_64.csv,2bc0b0b93028e6136ad43e31ef721fe3b01860b5f48577b98538466e3f14e278,phase_ensemble_v1/runs/64_main/seed_2026071305/gate/df_phase_randomization_energy_summary.csv,d42c291d6292bed4c58683c9cd5815a48ff306052d883d563052a301c3f22f8a,a66b36696e50885fb2f1b51e37137135011103b089993de862c53904604911d3
Fig1B_inset,2026071306,9.754048780397814e-16,True,100,40454cfba6dd456f9213a9a54af5ed594e73fdaba95ea63f4bd418a86ad68811,phase_ensemble_v1/releases/64_main32_v1/qc_seed_summary_64.csv,2bc0b0b93028e6136ad43e31ef721fe3b01860b5f48577b98538466e3f14e278,phase_ensemble_v1/runs/64_main/seed_2026071306/gate/df_phase_randomization_energy_summary.csv,cc7b918b2edc05fd122703dcdb44d7213c3b1c1a52cc3fd5deccbf79393ed432,4da4c3dfa2836ad5154b2b29a1551011b1bacf78912f4d44518fbe47c291953f
Fig1B_inset,2026071307,7.822310715080926e-16,True,100,3630f388b8eb22b2130383f66160bb5d186a775eedfd6cd3b65b420b5ecc2eaa,phase_ensemble_v1/releases/64_main32_v1/qc_seed_summary_64.csv,2bc0b0b93028e6136ad43e31ef721fe3b01860b5f48577b98538466e3f14e278,phase_ensemble_v1/runs/64_main/seed_2026071307/gate/df_phase_randomization_energy_summary.csv,f07ea110858dcea7d7d6920979aed81cb9c8f3f025d610d15892895c5497c001,48d905985a92c9eb6e6452a123f2a357d3074eb48f3f0dbc22a580ea36f6a274
Fig1B_inset,2026071308,7.23140152633722e-16,True,100,43b9819b6cbd8a244fc16660ffbc454902f68df7d9c28bbfaf3872ffeabc2ded,phase_ensemble_v1/releases/64_main32_v1/qc_seed_summary_64.csv,2bc0b0b93028e6136ad43e31ef721fe3b01860b5f48577b98538466e3f14e278,phase_ensemble_v1/runs/64_main/seed_2026071308/gate/df_phase_randomization_energy_summary.csv,0031b76ee048b397ef8689094012cf162378c2f9f23e02bf75483b10a3bc727c,c653fcfaeaf63765d6cea98b4dd4337d20ddcd7d28f74014b1acd82cde916737
Fig1B_inset,2026071309,6.456297433650088e-16,True,100,cbda24d15177be1acc821a207446865f43e660ec485d1a11888bbf7792f6c401,phase_ensemble_v1/releases/64_main32_v1/qc_seed_summary_64.csv,2bc0b0b93028e6136ad43e31ef721fe3b01860b5f48577b98538466e3f14e278,phase_ensemble_v1/runs/64_main/seed_2026071309/gate/df_phase_randomization_energy_summary.csv,44b6fe7cf7854b2f460fe806d46bad9b4f23bc2b5c7fd2815c08baf5b94891d4,15db1848495727b982f6a3e4fbb432e19127fbb55d1001b8fade8f81f0afacb0
Fig1B_inset,2026071310,1.16881007647156e-15,True,100,05dc0bf10745c41520d1a516a099061cb6c5e1acdd19b71b88fd6aeb009f2dcb,phase_ensemble_v1/releases/64_main32_v1/qc_seed_summary_64.csv,2bc0b0b93028e6136ad43e31ef721fe3b01860b5f48577b98538466e3f14e278,phase_ensemble_v1/runs/64_main/seed_2026071310/gate/df_phase_randomization_energy_summary.csv,a03e54b9738db29d025fdd8575cca4d1439adcdcb21763a189a4f7ac7c243505,e5fe0b0f8f4f790ecb502dda830e68e02875094533f7946eba0130ea39753132
Fig1B_inset,2026071311,9.769342860653473e-16,True,100,32523e766ae944c8b549bbf8e754b5a5799a7a6c95bced6a2b7168282b238777,phase_ensemble_v1/releases/64_main32_v1/qc_seed_summary_64.csv,2bc0b0b93028e6136ad43e31ef721fe3b01860b5f48577b98538466e3f14e278,phase_ensemble_v1/runs/64_main/seed_2026071311/gate/df_phase_randomization_energy_summary.csv,95ad2bf685ec1a208f273b2deccb6cfd17f336e02b28fab5ed0e5c58d37156e3,defdc85b00b29b5edb607fb4b065892521fa298531ce85a1b95f6f82593da21e
Fig1B_inset,2026071312,9.702649787055045e-16,True,100,6f84204e7a0a673a71164d308280171ba4aa11cc808279aca192ca9de5799cc8,phase_ensemble_v1/releases/64_main32_v1/qc_seed_summary_64.csv,2bc0b0b93028e6136ad43e31ef721fe3b01860b5f48577b98538466e3f14e278,phase_ensemble_v1/runs/64_main/seed_2026071312/gate/df_phase_randomization_energy_summary.csv,6c1033aa70c8ebfb24abc0fc41c865e84dfd7fd819913c0b213ef4fff44b5647,112bb95a9c9a7682ca55d3b9eade4e205ce42de93485dd07d290760684a88d34
Fig1B_inset,2026071313,9.773321940627871e-16,True,100,a89af903af176c0eb05015254c23760abdf5f770540fd8844d7c0ef802eac005,phase_ensemble_v1/releases/64_main32_v1/qc_seed_summary_64.csv,2bc0b0b93028e6136ad43e31ef721fe3b01860b5f48577b98538466e3f14e278,phase_ensemble_v1/runs/64_main/seed_2026071313/gate/df_phase_randomization_energy_summary.csv,eb6a6cffe97f4c09088737328f87228c45935f0779c0372449fbb5b4871dbb51,30e373acf99df5e79e895fd613ba85ed755684297c3d57545547a944998f381f
Fig1B_inset,2026071314,7.936003183758278e-16,True,100,10191783a7ab48d0d6e4960b69549547668e87692b9462e76cd61c86d2373eb8,phase_ensemble_v1/releases/64_main32_v1/qc_seed_summary_64.csv,2bc0b0b93028e6136ad43e31ef721fe3b01860b5f48577b98538466e3f14e278,phase_ensemble_v1/runs/64_main/seed_2026071314/gate/df_phase_randomization_energy_summary.csv,3eb29fbde782fc7bc96b70d5cbedea2da831d9e2584f5c4fcf9504df52ec4999,91b13e4661478c15b5d9b015c17c044d1d3e9bec22032e6a29e4a8772fdbda34
Fig1B_inset,2026071315,7.877855630487508e-16,True,100,6c06ea1284cb5771c69bcf8af5c9a0d399d476c9eb86889ed2591cb1909a347c,phase_ensemble_v1/releases/64_main32_v1/qc_seed_summary_64.csv,2bc0b0b93028e6136ad43e31ef721fe3b01860b5f48577b98538466e3f14e278,phase_ensemble_v1/runs/64_main/seed_2026071315/gate/df_phase_randomization_energy_summary.csv,9ad50543ff39a683abb96a5d03ea1899eb605b9c8c53ee111c0f87cc01853570,9fc74a7351d9e685e6658827993aae99c6b9fbac6329f7a4a5000a5fc2d93485
Fig1B_inset,2026071316,7.851033133061652e-16,True,100,341395a5c8427f646216b5916e6a236fd03dd384283ed96e98f80c163bda0dec,phase_ensemble_v1/releases/64_main32_v1/qc_seed_summary_64.csv,2bc0b0b93028e6136ad43e31ef721fe3b01860b5f48577b98538466e3f14e278,phase_ensemble_v1/runs/64_main/seed_2026071316/gate/df_phase_randomization_energy_summary.csv,180450824e7e18c75adaef5b187c05e2a0d41e164754396eb5182e199130cae6,10e760f42f097b943702b402b7005affa26f9dae6b91fe58bde24d8174bb4984
Fig1B_inset,2026071317,6.028742929897384e-16,True,100,a7f7165057eaaef934cf61c4d4b668ee8694201ed3bd525f35048944cf257565,phase_ensemble_v1/releases/64_main32_v1/qc_seed_summary_64.csv,2bc0b0b93028e6136ad43e31ef721fe3b01860b5f48577b98538466e3f14e278,phase_ensemble_v1/runs/64_main/seed_2026071317/gate/df_phase_randomization_energy_summary.csv,fe3c3e2c5248d8be098236e0b060b4da3e69dce098047ad50bb22432c27c685f,34e965d0739dabbaab982c3d5427fe0b828b38ee4c5eb91ce16d124276eb166f
Fig1B_inset,2026071318,6.510698582337969e-16,True,100,23d5e506074edf1b78a2d6f8a73cfedf5fa298f3000b297f6105945a646d9bef,phase_ensemble_v1/releases/64_main32_v1/qc_seed_summary_64.csv,2bc0b0b93028e6136ad43e31ef721fe3b01860b5f48577b98538466e3f14e278,phase_ensemble_v1/runs/64_main/seed_2026071318/gate/df_phase_randomization_energy_summary.csv,a723ece865791f38dd4d7842b96e6026f805f35f18692a146b42180668c1bb8d,06371aa8783510d5069ae7d21fd227045ae8445f601b61984348ec0aefbf28a1
Fig1B_inset,2026071319,6.274612825004469e-16,True,100,9ef7e9df187e68d537c3bd9613a65e375332b0457e7cb50939f0dad574321684,phase_ensemble_v1/releases/64_main32_v1/qc_seed_summary_64.csv,2bc0b0b93028e6136ad43e31ef721fe3b01860b5f48577b98538466e3f14e278,phase_ensemble_v1/runs/64_main/seed_2026071319/gate/df_phase_randomization_energy_summary.csv,549d9f0f89d56d861c80803a1d1d7462d947281832f1ca7cf42c64c0f1eb145c,c56c36d107dc67a0adc06f251b79761e8bb4431c6e2a5fc0ca4aaf2eabaf7736
Fig1B_inset,2026071320,7.871895129360462e-16,True,100,dd60c39a4ef75f08b8dd90d1216b62c52ab5740933fa9f0ffe2b877e8c3acb51,phase_ensemble_v1/releases/64_main32_v1/qc_seed_summary_64.csv,2bc0b0b93028e6136ad43e31ef721fe3b01860b5f48577b98538466e3f14e278,phase_ensemble_v1/runs/64_main/seed_2026071320/gate/df_phase_randomization_energy_summary.csv,2396dcea84434a6247ea1f07a5464ba3184096637cccd45fd79174905e71a943,87e14f867a9b05d51a20ecbf4d07e854dc9f4711fc1b4064b6545f475b384c09
Fig1B_inset,2026071321,8.875013431542216e-16,True,100,fd7176f1b94d8a1ca7fc36515a6587b047591f18ad516f9a1aea961b68e80d2c,phase_ensemble_v1/releases/64_main32_v1/qc_seed_summary_64.csv,2bc0b0b93028e6136ad43e31ef721fe3b01860b5f48577b98538466e3f14e278,phase_ensemble_v1/runs/64_main/seed_2026071321/gate/df_phase_randomization_energy_summary.csv,2b2d2c26478812374ab6cea76b505d4339f474b502f6ffa32757bfb458584d43,168bcc16506f701d73fed2e744a66da08ae0764f72e8dbedb8c67e40c58a2a27
Fig1B_inset,2026071322,7.826702726999373e-16,True,100,b52913b30273e88af6639eebd77671a9965a833add83695f8b515a1f0b794b2c,phase_ensemble_v1/releases/64_main32_v1/qc_seed_summary_64.csv,2bc0b0b93028e6136ad43e31ef721fe3b01860b5f48577b98538466e3f14e278,phase_ensemble_v1/runs/64_main/seed_2026071322/gate/df_phase_randomization_energy_summary.csv,b28df199766d9908ea2e42ef13770ced6be26976e67520133d1eab988380c34b,7fc9120ff5ba94fc7c3b8f99012d5fd3640f10aa665be9c350d2a2a9c888930a
Fig1B_inset,2026071323,7.807736787841745e-16,True,100,a85006e3da4132566ad4c043e009c360e80e694ffd9f62299eba5b283d7023d9,phase_ensemble_v1/releases/64_main32_v1/qc_seed_summary_64.csv,2bc0b0b93028e6136ad43e31ef721fe3b01860b5f48577b98538466e3f14e278,phase_ensemble_v1/runs/64_main/seed_2026071323/gate/df_phase_randomization_energy_summary.csv,0ee5349357212f1167f54a19b1822b7dbab422529bc8f0b06ca52cce41e7ee7f,83b035b996f9cee3d5094a391fcb442cf8ce84b6a669025d2dd120be0eb8b99d
Fig1B_inset,2026071324,8.089090357929759e-16,True,100,a56f1326d301fc1449120f1585eb99bff4d923d3a423c7e26603e0200f72ff38,phase_ensemble_v1/releases/64_main32_v1/qc_seed_summary_64.csv,2bc0b0b93028e6136ad43e31ef721fe3b01860b5f48577b98538466e3f14e278,phase_ensemble_v1/runs/64_main/seed_2026071324/gate/df_phase_randomization_energy_summary.csv,dda937c6a6f46f9d5bc955c881e0403c56d8d28d0e652c2ccf74e36af5e0d3a2,33c8a599c167ade5a80c4309d523f34b2aaba67045d03729c37ec01360ad5e7d
Fig1B_inset,2026071325,7.901983668873083e-16,True,100,6e1adcffdc564fec77d81759f96af078878571905aa097096e1b945e8124cecf,phase_ensemble_v1/releases/64_main32_v1/qc_seed_summary_64.csv,2bc0b0b93028e6136ad43e31ef721fe3b01860b5f48577b98538466e3f14e278,phase_ensemble_v1/runs/64_main/seed_2026071325/gate/df_phase_randomization_energy_summary.csv,0399af0f962b8b0ed119049201681d731acf6dded3d97fc7469654af41df2ad7,a8581db181aa798707bb0de934be633d54b8b4ec201c4f601ef5f5f0b452e2b2
Fig1B_inset,2026071326,7.248826331419553e-16,True,100,b0ef1336339d8dbaf92818deac3e4ebfcb03c64d0e5224df6524e873e36e6ec9,phase_ensemble_v1/releases/64_main32_v1/qc_seed_summary_64.csv,2bc0b0b93028e6136ad43e31ef721fe3b01860b5f48577b98538466e3f14e278,phase_ensemble_v1/runs/64_main/seed_2026071326/gate/df_phase_randomization_energy_summary.csv,2cb1ae0685cb564d2feeab6cb001150f5888d6b38523c8ef990f9b020611a830,421c85460af10742195fdc2165926ff3ffbcf9a56b9c735b8b115a5808e3b5b2
Fig1B_inset,2026071327,6.106923423581103e-16,True,100,7cbc34d60686c3afeadff8be68bb97681856006ba0e6b53312b282c4f8dd27ec,phase_ensemble_v1/releases/64_main32_v1/qc_seed_summary_64.csv,2bc0b0b93028e6136ad43e31ef721fe3b01860b5f48577b98538466e3f14e278,phase_ensemble_v1/runs/64_main/seed_2026071327/gate/df_phase_randomization_energy_summary.csv,a15e79153f3edcad0984db8e4e9a4e6fe9a4ed611ec58de3d13d5d0accae3c79,83e355c320a813866cffb517cb44ee73f31839f553e20421b33e6e3847c634c2
Fig1B_inset,2026071328,7.839519755884488e-16,True,100,cf5f8c08ccef435f9fa62edc12545705554b1c99aca17b5695f45bc3a70f3d07,phase_ensemble_v1/releases/64_main32_v1/qc_seed_summary_64.csv,2bc0b0b93028e6136ad43e31ef721fe3b01860b5f48577b98538466e3f14e278,phase_ensemble_v1/runs/64_main/seed_2026071328/gate/df_phase_randomization_energy_summary.csv,c5968924235c9aeea7685d753423ce8eed0fe06e2941589e5e607b18edc52918,151515403a861a08391e4bddd0feef4558ae29e7b4c60eb42672d6f9a0d98ba6
Fig1B_inset,2026071329,9.761121432604548e-16,True,100,8d82376ed7c6644e02262c9eb24ce02c08307db15f69e820af600f3954730a96,phase_ensemble_v1/releases/64_main32_v1/qc_seed_summary_64.csv,2bc0b0b93028e6136ad43e31ef721fe3b01860b5f48577b98538466e3f14e278,phase_ensemble_v1/runs/64_main/seed_2026071329/gate/df_phase_randomization_energy_summary.csv,8b164373296dc9b0dc6a3782a78d8fb3d4405343e7b64b7ae2fe5c5d774045d4,13b4e66744537d1ce1ea6efd96e25acb2006ec646f9790c6fa82576cdead0109
Fig1B_inset,2026071330,6.130673753161884e-16,True,100,9fddb0beef6299c5e4562268faa1b87194e575af8380c6737119883e90c5ac5e,phase_ensemble_v1/releases/64_main32_v1/qc_seed_summary_64.csv,2bc0b0b93028e6136ad43e31ef721fe3b01860b5f48577b98538466e3f14e278,phase_ensemble_v1/runs/64_main/seed_2026071330/gate/df_phase_randomization_energy_summary.csv,35dd8af882370112eb31dc599d77f626c348e3a91abb358e276a207ae5fc6e46,60c075d4adc3c16505446cc522c4b142e71ed98373ea42a96384fc44710cc5af
Fig1B_inset,2026071331,7.849888784339353e-16,True,100,00e18af5c40edbe3273857f1bec26edf846a2e74abc2f7e560e49ea3b06cae4e,phase_ensemble_v1/releases/64_main32_v1/qc_seed_summary_64.csv,2bc0b0b93028e6136ad43e31ef721fe3b01860b5f48577b98538466e3f14e278,phase_ensemble_v1/runs/64_main/seed_2026071331/gate/df_phase_randomization_energy_summary.csv,e962adba5a0a9237391ed8859a71807c2019f2594df1b614cb1e2522948e7ab0,dc2bae4b11757eda3962aea6d3be6892ac4f08a6d98d265590abd2d08ba3e739
Fig1B_inset,2026071332,6.269522399684391e-16,True,100,703c2fb0090cc0d08054415482fb2e4e2f7ef208b7abe8b8fce35a032eef147e,phase_ensemble_v1/releases/64_main32_v1/qc_seed_summary_64.csv,2bc0b0b93028e6136ad43e31ef721fe3b01860b5f48577b98538466e3f14e278,phase_ensemble_v1/runs/64_main/seed_2026071332/gate/df_phase_randomization_energy_summary.csv,0de55b1a48abdcd042ba725f68c49414dc206d0de70039a794d86eaf3fbb4e50,042296686b0e5063f556a4b80ca55de09f12ae1d8e221148c12864b13710742b
