shell,dns_mean_spectrum,star64_mean_spectrum,star32_mean_spectrum,star64_relative_difference,star32_relative_difference
0,0.9945029195254204,0.9945029195254204,0.994502919529503,0.0,4.105189686524327e-12
1,0.06706660433449729,0.0670666043344973,0.06706660433449554,2.06925457841856e-16,-2.6072607688073856e-14
2,0.027758448626261582,0.027758448626261582,0.02775844862652628,0.0,9.535762942527157e-12
3,0.016765861033499915,0.016765861033499925,0.016765861033821515,6.208056260912521e-16,1.9181859170176206e-11
4,0.011985335030595708,0.01198533503059571,0.01198533502950265,1.447371701790956e-16,-9.119961461569904e-11
5,0.00787620239069322,0.00787620239069322,0.007876202390666442,0.0,-3.3997592046160224e-12
6,0.004679219780249626,0.004679219780249626,0.00467921978047678,0.0,4.8545137059081434e-11
7,0.0033785427246575974,0.003378542724657598,0.0033785427246113874,1.2836329279753408e-16,-1.367749393745565e-11
8,0.0024036101245992723,0.0024036101245992723,0.002403610125146462,0.0,2.2765316982091182e-10
9,0.0019904422490192634,0.0019904422490192642,0.001990442248688377,4.3576332768045523e-16,-1.6623760882350615e-10
10,0.001343515099251962,0.0013435150992519623,0.001343515099117199,1.6139783960584633e-16,-1.003063363474394e-10
11,0.000979774616376426,0.0009797746163764257,0.0009797746163919619,-2.2131664861767716e-16,1.5856673923510715e-11
12,0.0008012511862709108,0.0008012511862709111,0.0008012511863176675,4.0594093003399007e-16,5.835454994695945e-11
13,0.0006587379086310172,0.0006587379086310172,0.0006587379087853625,0.0,2.343045459040293e-10
14,0.000524547594743886,0.0005245475947438859,0.0005245475947301671,-2.0669281173901364e-16,-2.6153668240584353e-11
15,0.0004238970613072785,0.0004238970613072786,0.000423897061470058,2.557701554103433e-16,3.840071728493596e-10
16,0.0003754589820690978,0.00037545898206909766,0.0003754589819676271,-4.331507132326266e-16,-2.7025774587722777e-10
17,0.0003209326004597958,0.00032093260045979594,0.0003209326006150794,5.067429287016259e-16,4.838511547261491e-10
18,0.00027922267909507643,0.0002792226790950765,0.00027922267924051765,1.9414650987506807e-16,5.20878971834488e-10
19,0.00024048488719501318,0.00024048488719501324,0.00024048488707481653,2.2542002225826084e-16,-4.998096138918395e-10
20,0.00022125760575911487,0.00022125760575911497,0.00022125760575335501,4.900180352063852e-16,-2.6032330624848015e-11
21,0.00020089092661898178,0.0002008909266189818,0.0002008909267160709,1.3492423360436882e-16,4.832926681045705e-10
22,0.00018349861580999424,0.00018349861580999432,0.00018349861572718732,4.431377456307984e-16,-4.512672552869773e-10
23,0.0001706992279205553,0.00017069922792055538,0.0001706992279784347,4.763651477923352e-16,3.3907242491225407e-10
24,0.0001606041421227899,0.00016060414212278984,0.00016060414214147088,-3.3753867059561192e-16,1.1631700727259496e-10
25,0.00015530579558185252,0.00015530579558185257,0.00015530579555008886,3.490539964795085e-16,-2.0452330248121732e-10
26,0.00014733347436599197,0.000147333474365992,0.0001473334743170294,1.8397078076639789e-16,-3.323248183764211e-10
27,0.00014120782044161375,0.0001412078204416138,0.00014120782040822212,3.839030193564235e-16,-2.364715911239181e-10
28,0.00013837884072155605,0.00013837884072155605,0.00013837884079941613,0.0,5.626588664658176e-10
29,0.0001371242073376827,0.0001371242073376827,0.00013712420741466788,0.0,5.614266526301473e-10
30,0.00013341575349069633,0.00013341575349069636,0.00013341575355876157,2.0316232231171836e-16,5.101739099455839e-10
31,0.0001269287227070704,0.0001269287227070705,0.0001269287226889489,6.406364233576525e-16,-1.427692436728441e-10
32,6.795971350509704e-05,6.7959713505097e-05,6.795971345002893e-05,-5.982600480674048e-16,-8.103051458842396e-10
33,6.695000895935458e-06,6.695000895935456e-06,6.695000894438473e-06,-2.530344537425036e-16,-2.235974375319157e-10
34,2.7866304352621102e-06,2.78663043526211e-06,2.786630423840341e-06,-1.5198157181804922e-16,-4.09877429238807e-09
35,1.620869060432002e-06,1.6208690604320019e-06,1.6208690662057094e-06,-1.3064487563056835e-16,3.5621059564875504e-09
36,1.1468287916585282e-06,1.1468287916585286e-06,1.1468287972828367e-06,3.6929354818051474e-16,4.904226813588844e-09
37,8.215684720285655e-07,8.215684720285657e-07,8.215684698223807e-07,2.577487379605925e-16,-2.685332931176599e-09
38,6.69081803470353e-07,6.690818034703527e-07,6.690818016220528e-07,-4.747362035148175e-16,-2.762442811123174e-09
39,4.4595923451026486e-07,4.4595923451026496e-07,4.4595923527875397e-07,2.3741882713351567e-16,1.7232272769203914e-09
40,4.4066699710035816e-07,4.406669971003583e-07,4.406669968698439e-07,3.604052008778223e-16,-5.231030408451645e-10
41,2.4944223526478027e-07,2.494422352647802e-07,2.4944223238392926e-07,-2.1223173833091654e-16,-1.1549170919544636e-08
42,2.307248936314451e-07,2.307248936314451e-07,2.3072489142513822e-07,0.0,-9.562500333809833e-09
43,1.2855933430073532e-07,1.2855933430073532e-07,1.285593302932494e-07,0.0,-3.117226709524452e-08
44,6.027253925706597e-08,6.027253925706602e-08,6.027253754628683e-08,8.783363013395437e-16,-2.8384056146127572e-08
45,3.6461784649531205e-08,3.6461784649531264e-08,3.646178536912023e-08,1.633408915012714e-15,1.9735430727105545e-08
46,1.7964653691238817e-09,1.7964653691238794e-09,1.7964653964815878e-09,-1.2662346425471021e-15,1.5228629816021004e-08
47,9.004370687658336e-10,9.004370687658327e-10,9.004369226813346e-10,-1.0334738777443212e-15,-1.6223732242909323e-07
48,5.44851912452624e-10,5.448519124526228e-10,5.448519877096511e-10,-2.0874907773390812e-15,1.3812381942194838e-07
49,3.6575393623312126e-10,3.6575393623312095e-10,3.657539993476263e-10,-8.480912957548521e-16,1.7256001590133518e-07
50,2.449504773069884e-10,2.4495047730698963e-10,2.4495054861909164e-10,5.0653949829806785e-15,2.9112865603770475e-07
51,1.261209394395971e-10,1.2612093943959713e-10,1.2612082860215746e-10,2.0495719630016016e-16,-8.788186968311548e-07
52,5.6353393729679003e-11,5.6353393729678894e-11,5.6353403140798365e-11,-1.9494819714263334e-15,1.6700182080546188e-07
53,4.520499642887002e-11,4.5204996428870075e-11,4.52050248586579e-11,1.2866085922968982e-15,6.289080882270058e-07
54,1.46815242650737e-11,1.4681524265073878e-11,1.4681527148911475e-11,1.2104641283804562e-14,1.964263194030747e-07
55,1.8122839034389144e-12,1.8122839034389827e-12,1.81228854479519e-12,3.7664383752147837e-14,2.56105363341281e-06
