local_step,relative_time,modal_amplitude_relative_max_error,energy_relative_error,divergence_relative_error,dealias_leakage,hermitian_error
0,0.0,5.229346215991753e-16,0.0,4.4464489384830764e-17,0.0,1.8189894035458565e-11
10,0.1,4.753383839119677e-16,3.8632885238236035e-16,4.325545017738294e-17,0.0,4.415090952935731e-11
20,0.2,5.129564764530526e-16,1.930004909764494e-16,2.1717058387745438e-17,0.0,1.8550124927397648e-11
30,0.3,4.585357174640701e-16,1.9275879272797316e-16,2.416501019975796e-17,0.0,2.6233838256040978e-11
40,0.4,5.186742229003047e-16,3.849591086724712e-16,4.857836001049672e-17,0.0,1.828061726177273e-11
50,0.5,5.763690335364677e-16,5.76558888855622e-16,4.892839919669593e-17,0.0,2.041937137903639e-11
60,0.6,5.77850465389705e-16,0.0,4.9378768630664895e-17,0.0,1.959111544105146e-11
70,0.7000000000000001,5.181071341234335e-16,1.9160248737423942e-16,4.992864284950676e-17,0.0,2.041937137903639e-11
80,0.8,5.380614579365535e-16,7.652820973462355e-16,5.057761952157414e-17,0.0,2.300859821966427e-11
90,0.9,5.215358146967722e-16,3.820933470413987e-16,4.59073309256512e-17,0.0,2.6233838256040978e-11
100,1.0,4.726127909180062e-16,5.723441236637164e-16,5.2174855956952e-17,0.0,2.300859821966427e-11
110,1.1,5.059706286470699e-16,0.0,5.3126536811741794e-17,0.0,3.195227176655166e-11
120,1.2,5.612879669915413e-16,1.9028080311428817e-16,5.41840242572045e-17,0.0,2.9330322825621076e-11
130,1.3,5.02637191553001e-16,1.9004888773046611e-16,4.9513261798215306e-17,0.0,3.253907165344266e-11
140,1.4000000000000001,4.492205693958767e-16,3.7966333352948215e-16,5.663011590212248e-17,0.0,2.1997742119215807e-11
150,1.5,5.009110604949287e-16,1.8963091386997465e-16,5.802503935364818e-17,0.0,2.5385535171965415e-11
160,1.6,5.435249452272322e-16,0.0,5.922372058780198e-17,0.0,2.9330322825621076e-11
170,1.7,5.2510798632549215e-16,1.8928462547025228e-16,5.830363083194901e-17,0.0,3.253907165344266e-11
180,1.8,5.646923757767892e-16,1.8914042905348593e-16,5.736960577880971e-17,0.0,2.6484885490501325e-11
190,1.9000000000000001,5.115076237914195e-16,1.8901482039912404e-16,5.642610655836204e-17,0.0,2.4101609596982598e-11
200,2.0,4.92867464750665e-16,3.7781198260864923e-16,2.5573639694510844e-17,0.0,2.482437423888074e-11
210,2.1,5.281546170743698e-16,9.440570006099243e-16,5.4525644519624036e-17,0.0,2.5274299753783003e-11
220,2.2,5.413099311777318e-16,1.8872816759521588e-16,5.3574867923184974e-17,0.0,2.7360527304138162e-11
230,2.3000000000000003,4.914541373799744e-16,5.659604115937808e-16,4.7071261702780424e-17,0.0,2.550236766694061e-11
240,2.4,5.474493171030393e-16,5.657546195360442e-16,4.6228769592938807e-17,0.0,2.3646862246096134e-11
250,2.5,5.040383247538378e-16,7.540819962170801e-16,3.2098135826724395e-17,0.0,2.7360527304138162e-11
260,2.6,5.203098621690971e-16,3.769179814423058e-16,4.982882652342265e-17,0.0,2.7360527304138162e-11
270,2.7,5.736854141681865e-16,1.8839932946787108e-16,2.4459992636388115e-17,0.0,3.092616341003905e-11
280,2.8000000000000003,4.8982504126118725e-16,1.8834063170450256e-16,4.2957848607957605e-17,0.0,3.45128973294964e-11
290,2.9,5.784607107163848e-16,0.0,4.3476875836863635e-17,0.0,2.7360527304138162e-11
300,3.0,5.0339053509751325e-16,3.764451855012526e-16,2.3155157667482544e-17,0.0,3.637978807091713e-11
