checkpoint,phase_seed,pass,modal_amplitude_error,energy_relative_error,divergence_relative_error,dealias_leakage,hermitian_error,nonlinear_replay_error
1750,2026074101,True,6.470553216155844e-16,7.674060452510414e-16,5.2159539687556646e-17,0.0,6.225223827149459e-11,1.1102230246251565e-16
1750,2026074102,True,5.784607107163848e-16,9.440570006099243e-16,5.922372058780198e-17,0.0,4.415090952935731e-11,1.1102230246251565e-16
1750,2026074103,True,6.420570876424283e-16,9.556060196584983e-16,5.077739365296068e-17,0.0,1.4633540821610054e-10,1.1102230246251565e-16
2250,2026074101,True,6.030022210140129e-16,4.031370912130291e-16,9.704998342712687e-17,0.0,7.438421282346949e-11,1.1102230246251565e-16
2250,2026074102,True,5.747050221179384e-16,5.865764144937851e-16,4.4952054613540625e-17,0.0,2.604396479596535e-11,1.1102230246251565e-16
2250,2026074103,True,6.439005886082985e-16,5.955778770608051e-16,5.768595751616585e-17,0.0,9.283976509450326e-11,1.1102230246251565e-16
2750,2026074101,True,6.133690005460469e-16,9.647780269205787e-16,5.063915782853294e-17,0.0,5.866064565124215e-11,1.1102230246251565e-16
2750,2026074102,True,5.967473424918229e-16,7.655651756822513e-16,4.741492100237931e-17,0.0,3.7100249854795296e-11,1.1102230246251565e-16
2750,2026074103,True,6.215326769855906e-16,1.1581687539661994e-15,5.413839939280332e-17,0.0,2.0643927034201738e-10,1.1102230246251565e-16
