block,seed,checkpoint
main32,2026071301,
main32,2026071302,
main32,2026071303,
main32,2026071304,
main32,2026071305,
main32,2026071306,
main32,2026071307,
main32,2026071308,
main32,2026071309,
main32,2026071310,
main32,2026071311,
main32,2026071312,
main32,2026071313,
main32,2026071314,
main32,2026071315,
main32,2026071316,
main32,2026071317,
main32,2026071318,
main32,2026071319,
main32,2026071320,
main32,2026071321,
main32,2026071322,
main32,2026071323,
main32,2026071324,
main32,2026071325,
main32,2026071326,
main32,2026071327,
main32,2026071328,
main32,2026071329,
main32,2026071330,
main32,2026071331,
main32,2026071332,
independent24,2026072001,
independent24,2026072002,
independent24,2026072003,
independent24,2026072004,
independent24,2026072005,
independent24,2026072006,
independent24,2026072007,
independent24,2026072008,
independent24,2026072009,
independent24,2026072010,
independent24,2026072011,
independent24,2026072012,
independent24,2026072013,
independent24,2026072014,
independent24,2026072015,
independent24,2026072016,
independent24,2026072017,
independent24,2026072018,
independent24,2026072019,
independent24,2026072020,
independent24,2026072021,
independent24,2026072022,
independent24,2026072023,
independent24,2026072024,
dynamic_crossed,2026074101,1750
dynamic_crossed,2026074102,1750
dynamic_crossed,2026074103,1750
dynamic_crossed,2026074101,2250
dynamic_crossed,2026074102,2250
dynamic_crossed,2026074103,2250
dynamic_crossed,2026074101,2750
dynamic_crossed,2026074102,2750
dynamic_crossed,2026074103,2750
