checkpoint,phase_seed,metric,auc_nonlinear_0_1,auc_frozen_0_1,delta_auc_nonlinear_minus_frozen,R_nonlinear_t1,R_frozen_t1,R_nonlinear_t3,R_frozen_t3
1750,2026074101,Pi_A_amp,0.678465718269371,0.08599767404915315,0.5924680442202178,0.9701785210139928,0.0902119186446401,0.9063426749764052,0.2097063296097727
1750,2026074102,Pi_A_amp,0.610475682659347,0.022960043031645963,0.587515639627701,0.8921660907722051,0.0332171502933451,0.8684071334004067,0.1562778222929193
1750,2026074103,Pi_A_amp,0.6957253234864592,0.06262953971989908,0.6330957837665602,0.987751689906178,0.0365224790433853,0.8510304943358066,0.1329476791115288
2250,2026074101,Pi_A_amp,0.7337090376326374,0.11808745968333673,0.6156215779493006,0.9094911197745656,0.1428780832909453,0.9616763573954524,0.035539631154101
2250,2026074102,Pi_A_amp,0.7271516745705158,0.07046712658389279,0.656684547986623,0.9498259284063484,0.0106212195182316,0.8638826131242323,0.0216432129327934
2250,2026074103,Pi_A_amp,0.7084120163080646,0.07891736089123984,0.6294946554168248,0.8851461963834752,0.0444263068787482,0.9950788560490732,-0.0044943865844226
2750,2026074101,Pi_A_amp,0.6574957389779593,0.013286044689144585,0.6442096942888147,0.889168186376426,-0.0529434148781784,0.8826738141887296,0.1014246140857365
2750,2026074102,Pi_A_amp,0.6461675010306742,0.051640685573362946,0.5945268154573112,0.934968892924102,-0.0177895214881822,0.8283576615488841,0.0601659738595261
2750,2026074103,Pi_A_amp,0.8035313816768741,0.026859350928728813,0.7766720307481453,0.964483618125132,-0.0822152280266759,0.9019676263981774,0.182662989598509
1750,2026074101,Pi_A_pop,0.7019562450924647,0.07336934448866865,0.6285869006037961,0.8728779140605962,0.0315977581025099,0.9179189342864104,0.1357187339235913
1750,2026074102,Pi_A_pop,0.6577967276560717,0.013325487024708663,0.644471240631363,0.9924617672967782,-0.049778329747137,0.8859300763932012,-0.0432942943376608
1750,2026074103,Pi_A_pop,0.6994564372252146,0.08972814792824119,0.6097282892969733,0.9712738736446273,0.038819853824731,0.7903643072225285,0.0405445523559099
2250,2026074101,Pi_A_pop,0.6629110126150698,0.07352812819638593,0.5893828844186839,0.9635322195704056,0.1097715649505626,0.9343607228094102,0.0378588475963177
2250,2026074102,Pi_A_pop,0.6684950917046408,0.04771928631345071,0.6207758053911901,0.9595547393955882,0.106599560180462,0.8731891450724342,0.0707451993924142
2250,2026074103,Pi_A_pop,0.6102940686160103,0.10592804987830488,0.5043660187377055,0.9967992531590704,0.1643272319096678,0.962635726113871,0.0864535058180242
2750,2026074101,Pi_A_pop,0.707390389487697,-0.0009619100785846074,0.7083522995662815,0.9839538512188488,-0.1317473268347146,0.8946622579121398,-0.1675613002963025
2750,2026074102,Pi_A_pop,0.6269435836961023,0.005075209193210469,0.6218683745028918,0.920199219681098,-0.0598788122091054,0.8710717466848992,0.0498300109144284
2750,2026074103,Pi_A_pop,0.7675079302430967,0.007360873569267215,0.7601470566738295,0.9782192401584588,-0.1255244193015539,0.9326112061278486,0.1207882003829905
1750,2026074101,Pi_normalized_mean,0.7648708626571743,0.12369677260507814,0.6411740900520961,0.978544397319154,0.0948921913886485,0.9525101768425284,0.1622881877998723
1750,2026074102,Pi_normalized_mean,0.7152753770912478,0.04314705217108221,0.6721283249201656,0.972758979698335,0.0045000822947611,0.9343001369983804,0.0085087896847653
1750,2026074103,Pi_normalized_mean,0.7619018871193113,0.1197766664886857,0.6421252206306256,0.9904548037241626,0.0638521675335749,0.909608687306599,0.0456856514819834
2250,2026074101,Pi_normalized_mean,0.761689278116116,0.10074859224093538,0.6609406858751806,0.9668804909895776,0.0993627442694764,0.9703829079099556,0.0001662936943632
2250,2026074102,Pi_normalized_mean,0.7611901923177331,0.052294274316937714,0.7088959180007954,0.977394076994778,0.0182653577105007,0.9439031021065478,0.0219765603294713
2250,2026074103,Pi_normalized_mean,0.7324613794991006,0.09925059226934274,0.6332107872297579,0.9746575922514586,0.0834221199734025,0.9905985982174106,0.01809043104482
2750,2026074101,Pi_normalized_mean,0.7536039085618425,0.05714427150056448,0.696459637061278,0.9773841061368042,-0.0091319185616067,0.9444116100235598,-0.0575459591331133
2750,2026074102,Pi_normalized_mean,0.7217267615375684,0.08304080853781091,0.6386859529997575,0.9703885970993296,0.0502307516267491,0.9289465555530038,0.0330118388994183
2750,2026074103,Pi_normalized_mean,0.8315968193512867,0.08095867982680255,0.7506381395244841,0.9969172234137704,-0.0134213011490749,0.9548971840993332,0.1561008484492707
