scale,metric,dns_value,surrogate_n,surrogate_mean,surrogate_median,surrogate_std,surrogate_q025,surrogate_q25,surrogate_q75,surrogate_q975,surrogate_min,surrogate_max,dns_minus_surrogate_mean,z_effect,n_surrogate_ge_dns,n_surrogate_le_dns,empirical_p_greater,empirical_p_less,empirical_p_two_sided,dns_above_all_surrogates,dns_below_all_surrogates,dns_outside_surrogate_95pct
4,Pi_normalized_mean,0.3594001951879743,32,-0.01172510564889546,-0.0104646309401331,0.028608958505749234,-0.062387802282316045,-0.030594759487888548,0.0089094281301386,0.029621222149350687,-0.0738849363927016,0.0381282472155316,0.37112530083686973,12.972345734371585,0,32,0.030303030303030304,1.0,0.06060606060606061,True,False,True
4,Pi_sign_bias,0.31901,32,-0.0039535205078124755,-0.00205867187499995,0.0116724570430177,-0.02477237499999998,-0.0127471093749999,0.0046658203125,0.013481695312499976,-0.0284671874999999,0.0142356249999999,0.3229635205078125,27.668854922109546,0,32,0.030303030303030304,1.0,0.06060606060606061,True,False,True
4,M_normalized_mean,0.3806654361020673,32,-0.0140863606677356,-0.012706830477586199,0.03173280795576075,-0.06694964833597268,-0.04154411897108175,0.004807718875939275,0.04149667389505141,-0.0804273020399382,0.0417172943708428,0.39475179676980293,12.439863415810324,0,32,0.030303030303030304,1.0,0.06060606060606061,True,False,True
4,M_sign_bias,0.30654578125,32,-0.004516582031249996,-0.0011586718749999,0.012058419053162163,-0.026747050781249924,-0.013256015625,0.0057121093749999,0.011886281249999995,-0.0275953125,0.01363875,0.31106236328125,25.796280748733636,0,32,0.030303030303030304,1.0,0.06060606060606061,True,False,True
4,T_normalized_mean,0.3720005336353447,32,-0.012661480028203637,-0.009633343248094551,0.02790825038676259,-0.061034499765615396,-0.03631517399776312,0.007526245703953976,0.036024024443575484,-0.0708907954135674,0.0392774242227309,0.38466201366354835,13.783093111634143,0,32,0.030303030303030304,1.0,0.06060606060606061,True,False,True
4,T_sign_bias,0.2744071875,32,-0.003969179687499981,-0.00099999999999995,0.009953715147782496,-0.02370094531249998,-0.00910015625,0.0037589453124999,0.010217148437499999,-0.0241051562499999,0.01059859375,0.2783763671875,27.967081944224322,0,32,0.030303030303030304,1.0,0.06060606060606061,True,False,True
4,quarter_W_normalized_mean,0.2439946599581737,32,-0.006866639838694128,-0.0082562797829476,0.01807010362607654,-0.03662438411421227,-0.020710530598212925,0.004672682276146325,0.022220729876354754,-0.0405979549311655,0.0248824165394288,0.25086129979686783,13.882670790822463,0,32,0.030303030303030304,1.0,0.06060606060606061,True,False,True
4,quarter_W_sign_bias,0.271694375,32,-0.0027631689453124844,-0.0024206249999999497,0.007156113429751598,-0.015054066406249901,-0.0078439062499999,0.002234726562499925,0.009785722656249898,-0.0162370312499999,0.0103118749999999,0.27445754394531247,38.35287780714222,0,32,0.030303030303030304,1.0,0.06060606060606061,True,False,True
4,corr_Pi_M_pooled,0.9533045916278524,32,0.8852460483186887,0.8852978934642296,0.007037032811192828,0.8740723890982753,0.8802285063559552,0.890509633521536,0.8967836555263876,0.8739010928490529,0.905725381139008,0.06805854330916372,9.671483014959442,0,32,0.030303030303030304,1.0,0.06060606060606061,True,False,True
4,corr_Pi_T_pooled,0.8661612477013729,32,0.7656172005518537,0.7669669174366456,0.012812409357778802,0.7458768387562383,0.7564796336126097,0.7733127774006893,0.7893697451530304,0.7395883358352245,0.8032328992903969,0.10054404714951926,7.847395781846131,0,32,0.030303030303030304,1.0,0.06060606060606061,True,False,True
4,corr_Pi_quarter_W_pooled,0.7396207994949507,32,0.48503555243159246,0.4856436789548091,0.017133819571467104,0.4508806285177916,0.4754791401154116,0.494375815469994,0.5150558798707062,0.447021496633837,0.5213545264130963,0.2545852470633583,14.858639429547763,0,32,0.030303030303030304,1.0,0.06060606060606061,True,False,True
4,top5_positive_M_z_frame_mean,3.5952880938178158,32,2.6729183141583075,2.6664289242436814,0.09394668707599683,2.525547432568239,2.622205770928716,2.7084789127982796,2.8603934976653664,2.52371054011384,2.953439588674541,0.9223697796595083,9.818012836507693,0,32,0.030303030303030304,1.0,0.06060606060606061,True,False,True
4,top5_positive_T_z_frame_mean,3.425716747976008,32,2.4090284193849056,2.4093305336712314,0.10823326256085608,2.2308108229427157,2.3440132258227457,2.4742355599725676,2.6017654651303284,2.1355365195405533,2.6641723523396137,1.0166883285911021,9.393492393518592,0,32,0.030303030303030304,1.0,0.06060606060606061,True,False,True
4,top5_positive_quarter_W_z_frame_mean,2.5642727522095727,32,1.303793890168048,1.2966284810513973,0.10200023720814899,1.1424840984878588,1.2431592936112748,1.3656989492387575,1.514509315234478,1.0741867255924773,1.5385790112315916,1.2604788620415248,12.357607163886309,0,32,0.030303030303030304,1.0,0.06060606060606061,True,False,True
4,corr_Pi_Pi_dev_pooled,0.9999499084196064,32,0.9999999999999947,0.9999999999999947,5.881512294647588e-16,0.9999999999999936,0.9999999999999944,0.9999999999999951,0.9999999999999957,0.9999999999999934,0.999999999999996,-5.009158038826733e-05,-85167857990.96718,32,0,1.0,0.030303030303030304,0.06060606060606061,False,True,True
4,corr_Pi_Pi_vol_pooled,0.0427743799354874,32,0.0005171867607874156,0.0009018085438521,0.002386242773163606,-0.003576616206031607,-0.001290677825694675,0.0025142762040935,0.004434450045322793,-0.0060864973360351,0.0044727388559306,0.04225719317469998,17.708673086383712,0,32,0.030303030303030304,1.0,0.06060606060606061,True,False,True
8,Pi_normalized_mean,0.550021055530284,32,-0.04513996417337769,-0.0434065708168061,0.10076091838559108,-0.23268452905159592,-0.10114916690351558,0.014506045243176675,0.14562134933270948,-0.2573114796979304,0.1911701733658388,0.5951610197036618,5.906665294832907,0,32,0.030303030303030304,1.0,0.06060606060606061,True,False,True
8,Pi_sign_bias,0.3652199074074074,32,-0.01769601327401618,-0.01329390914351845,0.03813812283619655,-0.0818556315104166,-0.04624258535879627,0.010609809027777774,0.04415190972222213,-0.1049088541666666,0.0666753472222222,0.38291592068142355,10.040240373813088,0,32,0.030303030303030304,1.0,0.06060606060606061,True,False,True
8,M_normalized_mean,0.5773660265148032,32,-0.059329037411767885,-0.053603877170631156,0.11083561337225954,-0.2317997118392916,-0.13610695695082237,0.01337861932779625,0.15668715663941518,-0.2448311564556123,0.1701661781495468,0.636695063926571,5.744498943567232,0,32,0.030303030303030304,1.0,0.06060606060606061,True,False,True
8,M_sign_bias,0.3329528356481481,32,-0.022563883463541646,-0.0192824074074074,0.03626492169977617,-0.08630548321759252,-0.044468496817129576,-0.004626374421296275,0.04494131582754619,-0.0927032696759259,0.0512398726851851,0.35551671911168975,9.803322396636638,0,32,0.030303030303030304,1.0,0.06060606060606061,True,False,True
8,T_normalized_mean,0.5151705523688466,32,-0.048696290555607195,-0.0552177348280905,0.10029444935836825,-0.20983909667621897,-0.1113217720577353,0.024024137667083598,0.13529557090188749,-0.2165800613393907,0.1434453578393097,0.5638668429244538,5.622114150202536,0,32,0.030303030303030304,1.0,0.06060606060606061,True,False,True
8,T_sign_bias,0.2734577546296296,32,-0.019924203378182834,-0.015159866898148099,0.03115094023691565,-0.07359033203124996,-0.03996365017361107,-0.00310185185185175,0.03261800130208332,-0.0783774594907407,0.0390791377314815,0.29338195800781247,9.418077135923431,0,32,0.030303030303030304,1.0,0.06060606060606061,True,False,True
8,quarter_W_normalized_mean,0.4277405497994074,32,-0.03751042279362794,-0.04516650984820425,0.07003067738641001,-0.13796072282315464,-0.09151905494250505,-0.006616245294039412,0.10801336463724819,-0.1749624006857662,0.1386815737187666,0.46525097259303533,6.643530948956961,0,32,0.030303030303030304,1.0,0.06060606060606061,True,False,True
8,quarter_W_sign_bias,0.2809946469907407,32,-0.012013301142939806,-0.01206452546296295,0.028304810805900995,-0.057827763310185167,-0.0341078920717592,0.005121346932870275,0.0381939380787036,-0.0729398148148148,0.0485250289351851,0.29300794813368053,10.351877994980066,0,32,0.030303030303030304,1.0,0.06060606060606061,True,False,True
8,corr_Pi_M_pooled,0.844862514827869,32,0.8373620590539101,0.8412495590069324,0.025431409530311783,0.7907033353638522,0.8151497073034832,0.8584014892092802,0.8771246631414684,0.7867603737758448,0.8786090554063669,0.007500455773958858,0.29492882669436943,14,18,0.45454545454545453,0.5757575757575758,0.9090909090909091,False,False,False
8,corr_Pi_T_pooled,0.785352696044329,32,0.7232977715902826,0.7202448260859696,0.04510923395618649,0.6468694767900496,0.6922682382716776,0.7602712276591352,0.7893939229710208,0.6310267499824982,0.8008892168215502,0.06205492445404637,1.3756590172716925,3,29,0.12121212121212122,0.9090909090909091,0.24242424242424243,False,False,False
8,corr_Pi_quarter_W_pooled,0.5542368094522933,32,0.4771654243810376,0.48062797983786787,0.05487424151092683,0.3591921239864739,0.456123820873052,0.5175250140183443,0.5550508594427879,0.3520811862237052,0.5622658000715492,0.07707138507125566,1.4045093462641998,1,31,0.06060606060606061,0.9696969696969697,0.12121212121212122,False,False,False
8,top5_positive_M_z_frame_mean,2.960588817827493,32,2.3554349799882353,2.3244272708040286,0.2606715808223475,1.9572737787157435,2.1644846601953143,2.4919678750154772,2.866529089062408,1.8821993129455292,3.055869799040628,0.6051538378392576,2.3215182718812803,1,31,0.06060606060606061,0.9696969696969697,0.12121212121212122,False,False,True
8,top5_positive_T_z_frame_mean,2.863444191128173,32,2.1121040964464712,2.068919171688454,0.29023742073527936,1.6309849723516847,1.9353745388068435,2.304582272271032,2.7054271540028,1.4884833167977063,2.995733415128633,0.7513400946817019,2.588708557215944,1,31,0.06060606060606061,0.9696969696969697,0.12121212121212122,False,False,True
8,top5_positive_quarter_W_z_frame_mean,1.3787228051450686,32,1.2118586723134668,1.2158668845455969,0.27988075677737956,0.702632307229464,1.0577662523874096,1.3155209911919685,1.7396460286389126,0.6467938242963761,2.0447406185372707,0.16686413283160184,0.5961972332536157,7,25,0.24242424242424243,0.7878787878787878,0.48484848484848486,False,False,False
8,corr_Pi_Pi_dev_pooled,0.999993633805164,32,0.9999999999999992,0.9999999999999992,5.590371328265134e-16,0.999999999999998,0.9999999999999988,0.9999999999999996,1.0,0.999999999999998,1.0000000000000002,-6.366194835183414e-06,-11387785285.38111,32,0,1.0,0.030303030303030304,0.06060606060606061,False,True,True
8,corr_Pi_Pi_vol_pooled,0.017194694086205,32,0.0006817603119225624,0.00075065111207675,0.005462578771228586,-0.008122703293556213,-0.0025157020639846,0.004536025617011875,0.009426700063315654,-0.0104929462837047,0.0100126580567181,0.016512933774282437,3.0229191130855804,0,32,0.030303030303030304,1.0,0.06060606060606061,True,False,True
