scale,window_frames,metric,dns_value,surrogate_n,surrogate_mean,surrogate_median,surrogate_std,surrogate_q025,surrogate_q25,surrogate_q75,surrogate_q975,surrogate_min,surrogate_max,dns_minus_surrogate_mean,z_effect,n_surrogate_ge_dns,n_surrogate_le_dns,empirical_p_greater,empirical_p_less,empirical_p_two_sided,dns_above_all_surrogates,dns_below_all_surrogates,dns_outside_surrogate_95pct
4,5,I_Pi_normalized_mean,0.375608814817391,32,-0.01220895880853915,-0.0109033689999399,0.02980603338237523,-0.06500471482149482,-0.0318747155864426,0.0092815205415328,0.030880267785746558,-0.0771352952590238,0.0397305159107076,0.3878177736259302,13.011384931725026,0,32,0.030303030303030304,1.0,0.06060606060606061,True,False,True
4,5,I_Pi_sign_bias,0.33879140625,32,-0.0041405029296875,-0.00210781249999995,0.012300335495272752,-0.02627306640624992,-0.013231054687499924,0.004856054687499925,0.014038203124999976,-0.0303109375,0.0144765624999999,0.34293190917968747,27.879882569990272,0,32,0.030303030303030304,1.0,0.06060606060606061,True,False,True
4,5,I_M_normalized_mean,0.3942837869594124,32,-0.014642538581452369,-0.01319680648449215,0.033003379861534926,-0.06969384170953306,-0.04318890619769977,0.00499200678385495,0.04315110971316218,-0.0838231926879566,0.0432290634503062,0.4089263255408648,12.39043780535532,0,32,0.030303030303030304,1.0,0.06060606060606061,True,False,True
4,5,I_M_sign_bias,0.325540625,32,-0.0047923339843749906,-0.00116289062499995,0.01271499290541303,-0.028523613281249978,-0.0141255859375,0.006220507812499975,0.012595878906249896,-0.0294687499999999,0.0141828124999999,0.330332958984375,25.979798922557443,0,32,0.030303030303030304,1.0,0.06060606060606061,True,False,True
4,5,I_T_normalized_mean,0.3848775329362633,32,-0.013177530277493474,-0.0100481308898408,0.029051701956315592,-0.0636310167731456,-0.03777368693952823,0.007828025925851599,0.037473502890385875,-0.0739478510632252,0.0407751030077461,0.3980550632137568,13.70160907654579,0,32,0.030303030303030304,1.0,0.06060606060606061,True,False,True
4,5,I_T_sign_bias,0.298584375,32,-0.004248022460937488,-0.001037109375,0.01058023099000222,-0.02536203125,-0.009527929687499924,0.0040162109374999,0.010929589843749999,-0.0259578125,0.011653125,0.3028323974609375,28.62247504304005,0,32,0.030303030303030304,1.0,0.06060606060606061,True,False,True
4,5,I_quarter_W_normalized_mean,0.2565030334096786,32,-0.0071632727581408,-0.008606851589036301,0.018854295179133177,-0.038168901591324675,-0.021618725353016375,0.00487355334937245,0.023226672652477312,-0.0424082490898224,0.0259854969266603,0.26366630616781944,13.984415946750943,0,32,0.030303030303030304,1.0,0.06060606060606061,True,False,True
4,5,I_quarter_W_sign_bias,0.2947015625,32,-0.0029705078124999777,-0.00255429687499995,0.007653029587786402,-0.0163726953124999,-0.008264843749999926,0.0024248046874999,0.010328867187499998,-0.0181031249999999,0.0113109375,0.2976720703125,38.89597797812775,0,32,0.030303030303030304,1.0,0.06060606060606061,True,False,True
4,5,corr_I_Pi_I_M,0.9575953947374632,32,0.8863676230453585,0.8862930491114608,0.00719465165254333,0.8748989950512428,0.8811375938561546,0.8916488771439204,0.8981516829714707,0.8748904597916447,0.9073033091396364,0.0712277716921047,9.90010012047289,0,32,0.030303030303030304,1.0,0.06060606060606061,True,False,True
4,5,corr_I_Pi_I_T,0.8750042803065607,32,0.7673717320920177,0.7687310438303445,0.01322671624316316,0.7470200131509817,0.7581026246861862,0.775375569558407,0.7922113431090422,0.7404663546911208,0.8061277661049799,0.10763254821454304,8.137510946466241,0,32,0.030303030303030304,1.0,0.06060606060606061,True,False,True
4,5,corr_I_Pi_I_quarter_W,0.7422448060169567,32,0.4871575853846348,0.48859863023105,0.01771821017525221,0.45084022996470263,0.47648493057356267,0.49731695326066305,0.51812646086576,0.4471752230869106,0.5249874554975272,0.255087220632322,14.396895516490336,0,32,0.030303030303030304,1.0,0.06060606060606061,True,False,True
4,10,I_Pi_normalized_mean,0.4109350816742788,32,-0.013354396484817545,-0.011941202561227049,0.03264366923505792,-0.07122230090130587,-0.0349306527210844,0.010158584744964625,0.03386259888919792,-0.0848086162596755,0.043519212818349,0.42428947815909634,12.997603765186648,0,32,0.030303030303030304,1.0,0.06060606060606061,True,False,True
4,10,I_Pi_sign_bias,0.3712124999999999,32,-0.004623339843749991,-0.00180859374999995,0.01362074090875607,-0.02991265624999998,-0.014135156249999899,0.005166796874999975,0.01476078125,-0.0337828124999999,0.014765625,0.3758358398437499,27.592907196564063,0,32,0.030303030303030304,1.0,0.06060606060606061,True,False,True
4,10,I_M_normalized_mean,0.4270650118192848,32,-0.015995879980245833,-0.01438474383487685,0.03610333712429761,-0.07638853576858164,-0.046827500133325574,0.005440305093644175,0.04699650935790912,-0.0921216219965924,0.0473045632442974,0.4430608917995306,12.272020458223786,0,32,0.030303030303030304,1.0,0.06060606060606061,True,False,True
4,10,I_M_sign_bias,0.3590859374999999,32,-0.0054439453124999785,-0.0020859374999999004,0.014287254346930256,-0.0320691015624999,-0.016033984374999973,0.006921093749999925,0.01511597656249997,-0.0334749999999999,0.0172968749999999,0.3645298828124999,25.51434124155719,0,32,0.030303030303030304,1.0,0.06060606060606061,True,False,True
4,10,I_T_normalized_mean,0.4164888382436609,32,-0.014447592461104272,-0.01105993000736455,0.03186701961387389,-0.07011237170685483,-0.041367221954661026,0.008568315794170575,0.041053268753083516,-0.0814875812725393,0.0444329598257496,0.43093643070476517,13.52295997323669,0,32,0.030303030303030304,1.0,0.06060606060606061,True,False,True
4,10,I_T_sign_bias,0.3411859375,32,-0.004724755859374975,-0.00108281249999995,0.012022206311870549,-0.028906249999999897,-0.010787109374999899,0.004485546875,0.012506953124999897,-0.0299234374999999,0.0136234374999999,0.34591069335937497,28.77264658300098,0,32,0.030303030303030304,1.0,0.06060606060606061,True,False,True
4,10,I_quarter_W_normalized_mean,0.2858238107657909,32,-0.007903637129669927,-0.0094738589105232,0.02080714678483238,-0.04202073618975739,-0.0238667255068855,0.005373051661189025,0.025748628363820872,-0.0468890264669944,0.0287188393819784,0.2937274478954608,14.11666149774927,0,32,0.030303030303030304,1.0,0.06060606060606061,True,False,True
4,10,I_quarter_W_sign_bias,0.319625,32,-0.0034245605468749903,-0.00271796875,0.00865735416267023,-0.0187568359374999,-0.008889062499999925,0.0028941406249999003,0.011744687499999898,-0.0203249999999999,0.0125874999999999,0.323049560546875,37.31504504457459,0,32,0.030303030303030304,1.0,0.06060606060606061,True,False,True
4,10,corr_I_Pi_I_M,0.9616662147058774,32,0.8870013400970505,0.8868276462456118,0.007539293648415335,0.8751472029489604,0.8813862919712339,0.8925063629415935,0.8993572427426327,0.8747800894257239,0.9089580991949748,0.07466487460882698,9.903431022947435,0,32,0.030303030303030304,1.0,0.06060606060606061,True,False,True
4,10,corr_I_Pi_I_T,0.8868705646434432,32,0.7702094487506452,0.7716127597253379,0.014078711264058227,0.7481242470671914,0.7605183731490351,0.7775918947728099,0.7973092168236515,0.7417407497561326,0.811381373524004,0.11666111589279793,8.286349063115173,0,32,0.030303030303030304,1.0,0.06060606060606061,True,False,True
4,10,corr_I_Pi_I_quarter_W,0.7484216846796066,32,0.4918647664657079,0.4936619010029115,0.018883548063271343,0.4511460993832673,0.48018583272028137,0.5037637026941664,0.5240529471289104,0.4483150226912447,0.532240306501268,0.25655691821389864,13.586266593241763,0,32,0.030303030303030304,1.0,0.06060606060606061,True,False,True
4,20,I_Pi_normalized_mean,0.486184861204998,32,-0.016002088080076745,-0.0143324637721322,0.03920469760592696,-0.08624269609563077,-0.04192173030576547,0.012173506107393376,0.040676689506833195,-0.1023434215348736,0.0523893395825844,0.5021869492850747,12.80935652999793,0,32,0.030303030303030304,1.0,0.06060606060606061,True,False,True
4,20,I_Pi_sign_bias,0.421725,32,-0.005462499999999995,-0.00107031249999993,0.016201860728898638,-0.036009609374999925,-0.017264843749999925,0.007728906249999975,0.016536171874999922,-0.0434375,0.017328125,0.4271875,26.3665703062144,0,32,0.030303030303030304,1.0,0.06060606060606061,True,False,True
4,20,I_M_normalized_mean,0.5024804422923137,32,-0.019177079729393212,-0.0171130615545087,0.043383371592498735,-0.09218784486345201,-0.0553618099822729,0.0064987636073469005,0.05581464961146489,-0.1112146911097651,0.057148247057523,0.5216575220217069,12.02436562380746,0,32,0.030303030303030304,1.0,0.06060606060606061,True,False,True
4,20,I_M_sign_bias,0.410165625,32,-0.006908398437499997,-0.0042390624999999495,0.01721156702889534,-0.03886445312499992,-0.0189960937499999,0.0077085937499999,0.01881601562499989,-0.0408625,0.0219281249999999,0.4170740234375,24.23219354387096,0,32,0.030303030303030304,1.0,0.06060606060606061,True,False,True
4,20,I_T_normalized_mean,0.4895725009229527,32,-0.01743202844086856,-0.013430606987149301,0.03846158528275474,-0.08558183187894115,-0.04965556237646805,0.010342663111347326,0.04932975554089502,-0.0985445080259392,0.052895242257321,0.5070045293638212,13.182101716206429,0,32,0.030303030303030304,1.0,0.06060606060606061,True,False,True
4,20,I_T_sign_bias,0.401665625,32,-0.0059760742187499934,-0.00156874999999995,0.014695600816150374,-0.03432039062499998,-0.014019531249999925,0.004089062499999925,0.0169934374999999,-0.0362312499999999,0.0175843749999999,0.40764169921875004,27.739029136580406,0,32,0.030303030303030304,1.0,0.06060606060606061,True,False,True
4,20,I_quarter_W_normalized_mean,0.3515752374394893,32,-0.009693580897763995,-0.0115289876227101,0.025507279396173737,-0.051382888622963994,-0.029237898563526075,0.0065516400362886,0.03182256760564196,-0.0574447469291244,0.0351507148611282,0.36126881833725333,14.163361475212684,0,32,0.030303030303030304,1.0,0.06060606060606061,True,False,True
4,20,I_quarter_W_sign_bias,0.3566249999999999,32,-0.004218652343749981,-0.00387968749999995,0.010592596862624683,-0.02250218749999998,-0.010678906249999925,0.00417578125,0.014974921874999898,-0.0233062499999999,0.0156312499999999,0.3608436523437499,34.06564575462738,0,32,0.030303030303030304,1.0,0.06060606060606061,True,False,True
4,20,corr_I_Pi_I_M,0.9652449019187368,32,0.8860082332002969,0.884987178616586,0.008418221180995434,0.8723891703949768,0.8794719727399903,0.891591461100734,0.8995497691957471,0.8716124212931681,0.9104472784945212,0.07923666871843993,9.41251922642764,0,32,0.030303030303030304,1.0,0.06060606060606061,True,False,True
4,20,corr_I_Pi_I_T,0.9005825336329775,32,0.7743942411830547,0.7753191571666405,0.01592863757573247,0.7482079802337439,0.7631455096396405,0.7807717694963496,0.8065056333682646,0.7452300483511396,0.8201923484396698,0.1261882924499228,7.9221020536102,0,32,0.030303030303030304,1.0,0.06060606060606061,True,False,True
4,20,corr_I_Pi_I_quarter_W,0.7611227090196537,32,0.49990776821340666,0.5010994112624436,0.0219739586049223,0.4501308417565356,0.485901895030024,0.5171390635460161,0.5323421837533844,0.448372952879372,0.5442257684897117,0.2612149408062471,11.88747760486512,0,32,0.030303030303030304,1.0,0.06060606060606061,True,False,True
8,5,I_Pi_normalized_mean,0.5580969232225035,32,-0.04597137809182633,-0.04427342999148675,0.10267878148742768,-0.2376292895599492,-0.10273154424136492,0.0147676569544143,0.1484211168494683,-0.2621909645280838,0.1950514431897301,0.6040683013143298,5.883087942451809,0,32,0.030303030303030304,1.0,0.06060606060606061,True,False,True
8,5,I_Pi_sign_bias,0.3746817129629629,32,-0.018118964301215255,-0.01367187499999995,0.03909925367516954,-0.08405508535879627,-0.047345196759259175,0.010955584490740626,0.04550672743055548,-0.1077076099537037,0.0688621238425926,0.3928006772641781,10.046244885580284,0,32,0.030303030303030304,1.0,0.06060606060606061,True,False,True
8,5,I_M_normalized_mean,0.5875360276936433,32,-0.06039248865494074,-0.05466099726131025,0.11281538123271175,-0.2362673553034675,-0.13815624185802522,0.013624415731040649,0.15951515182701176,-0.2500511441082623,0.1735397566702275,0.6479285163485841,5.74326398819731,0,32,0.030303030303030304,1.0,0.06060606060606061,True,False,True
8,5,I_M_sign_bias,0.3437102141203704,32,-0.023120795355902744,-0.019963469328703652,0.03710187965774388,-0.08835024233217585,-0.04595359519675923,-0.0052472149884259,0.045768138744212934,-0.0945927372685185,0.0530309606481481,0.3668310094762731,9.887127360128462,0,32,0.030303030303030304,1.0,0.06060606060606061,True,False,True
8,5,I_T_normalized_mean,0.5246650226963157,32,-0.0496402363066747,-0.05636046050642535,0.10212774895680203,-0.21390427143572574,-0.11331169925581112,0.02447508450810995,0.13777786705104444,-0.2216091066181362,0.1458134141965767,0.5743052590029903,5.623400739459261,0,32,0.030303030303030304,1.0,0.06060606060606061,True,False,True
8,5,I_T_sign_bias,0.2856879340277778,32,-0.020501482928240715,-0.01528320312499995,0.031880455334179957,-0.07543185763888885,-0.0416956018518518,-0.0035228587962962497,0.03290256076388881,-0.081105324074074,0.0399775752314814,0.30618941695601853,9.604298738724225,0,32,0.030303030303030304,1.0,0.06060606060606061,True,False,True
8,5,I_quarter_W_normalized_mean,0.4361514426511479,32,-0.038264942470314686,-0.046107161153965154,0.07145552351438703,-0.14093396984186304,-0.09347731444392633,-0.006722583243723475,0.10994568168355798,-0.1789061707750756,0.1415069824417035,0.4744163851214626,6.639324180809374,0,32,0.030303030303030304,1.0,0.06060606060606061,True,False,True
8,5,I_quarter_W_sign_bias,0.2982494212962963,32,-0.012620827003761558,-0.012664568865740699,0.029421936040354996,-0.06037217881944446,-0.035538736979166645,0.004737232349536975,0.03977105034722216,-0.0757667824074074,0.0504340277777777,0.3108702483000578,10.565934473981235,0,32,0.030303030303030304,1.0,0.06060606060606061,True,False,True
8,5,corr_I_Pi_I_M,0.8469489348485301,32,0.8394048582367257,0.8431591907062856,0.025447961234121155,0.7924981413150797,0.8171097383331928,0.8599566411951209,0.8793958764443885,0.7878971113495573,0.8803651563732353,0.00754407661180434,0.29645112008772967,14,18,0.45454545454545453,0.5757575757575758,0.9090909090909091,False,False,False
8,5,corr_I_Pi_I_T,0.7877158635088093,32,0.7253946047986439,0.7227531715575093,0.04571536669158429,0.6480844902048504,0.6947642629807163,0.762708417223718,0.7925067599977897,0.6309016490724022,0.8038619604821035,0.06232125871016536,1.3632452984706789,3,29,0.12121212121212122,0.9090909090909091,0.24242424242424243,False,False,False
8,5,corr_I_Pi_I_quarter_W,0.5571959678030749,32,0.47944213700187344,0.4845449378663666,0.05548660540418995,0.3589616235309379,0.45852103211799333,0.5209009170593014,0.5564748872332862,0.3525858257484858,0.5636133890670403,0.07775383080120146,1.4013081217495071,1,31,0.06060606060606061,0.9696969696969697,0.12121212121212122,False,False,True
8,10,I_Pi_normalized_mean,0.5805988592482167,32,-0.04822617258426554,-0.046605709633105,0.10790974246500543,-0.2508454621342184,-0.10696350416531697,0.01549397665830145,0.15606287974346356,-0.2757103888815402,0.2057936994819135,0.6288250318324823,5.827323997519566,0,32,0.030303030303030304,1.0,0.06060606060606061,True,False,True
8,10,I_Pi_sign_bias,0.3950376157407407,32,-0.019495533130787026,-0.01544415509259255,0.041604399970003106,-0.09000976562499996,-0.048916739004629554,0.010866970486111125,0.04780834056712949,-0.1156973379629629,0.0736472800925925,0.4145331488715277,9.96368531141916,0,32,0.030303030303030304,1.0,0.06060606060606061,True,False,True
8,10,I_M_normalized_mean,0.616849747970822,32,-0.0633039048390649,-0.05768834097474085,0.11824023547232204,-0.24819284531181127,-0.14473117366808524,0.014288771876956076,0.16726183066037076,-0.2639817381112149,0.1829131459431785,0.6801536528098869,5.752302928803783,0,32,0.030303030303030304,1.0,0.06060606060606061,True,False,True
8,10,I_M_sign_bias,0.3693070023148148,32,-0.024704996744791624,-0.022424768518518448,0.039268702391404765,-0.0931145109953703,-0.05020435474537033,-0.0057418258101851,0.04908148871527772,-0.1001446759259259,0.0569806134259259,0.3940119990596064,10.033741251043955,0,32,0.030303030303030304,1.0,0.06060606060606061,True,False,True
8,10,I_T_normalized_mean,0.5521964953726911,32,-0.05224231813563726,-0.059471658556750545,0.10716801976350711,-0.2248232688623009,-0.11883922845417282,0.025727649763791,0.14461784236959357,-0.235282963489344,0.1522709665361417,0.6044388135083284,5.640104341222064,0,32,0.030303030303030304,1.0,0.06060606060606061,True,False,True
8,10,I_T_sign_bias,0.317722800925926,32,-0.022027813946759227,-0.0165834780092592,0.034336764703400954,-0.08190664785879627,-0.045782696759259174,-0.003417968749999925,0.0353940610532407,-0.0870587384259259,0.0436631944444444,0.3397506148726852,9.894660076668025,0,32,0.030303030303030304,1.0,0.06060606060606061,True,False,True
8,10,I_quarter_W_normalized_mean,0.46021802324493,32,-0.04034983868660598,-0.048687452594334754,0.075426385042572,-0.149186873941542,-0.09868145674283854,-0.007027315882466419,0.11534629549432465,-0.1899801743540313,0.1493317718305957,0.500567861931536,6.636508718388221,0,32,0.030303030303030304,1.0,0.06060606060606061,True,False,True
8,10,I_quarter_W_sign_bias,0.3268590856481481,32,-0.013633445457175913,-0.014836516203703649,0.03192021874074025,-0.0656157769097222,-0.03816731770833327,0.0055067274305554996,0.04387279369212956,-0.0812065972222222,0.0559317129629629,0.340492531105324,10.666986146644051,0,32,0.030303030303030304,1.0,0.06060606060606061,True,False,True
8,10,corr_I_Pi_I_M,0.8505654678553307,32,0.8433596234960311,0.8470818657465148,0.02574013047298328,0.7953285639717563,0.8221677172549955,0.8627138972209872,0.8840143732584964,0.7893182049344952,0.8843519010456689,0.007205844359299607,0.2799459142937456,14,18,0.45454545454545453,0.5757575757575758,0.9090909090909091,False,False,False
8,10,corr_I_Pi_I_T,0.79261368741707,32,0.7297444336423552,0.7276493270077591,0.047463239493812336,0.649653643964174,0.699355579402485,0.7676314132358583,0.8001410615367986,0.6297661469041261,0.810974535493164,0.06286925377471475,1.32458834342546,4,28,0.15151515151515152,0.8787878787878788,0.30303030303030304,False,False,False
8,10,corr_I_Pi_I_quarter_W,0.5633319390559941,32,0.48492235980340515,0.4942897784018063,0.05692617206042109,0.3593307823285227,0.46464064439586006,0.5287035435413546,0.5596562042964516,0.3546361181495043,0.56581287286882,0.07840957925258896,1.37739068717576,1,31,0.06060606060606061,0.9696969696969697,0.12121212121212122,False,False,True
8,20,I_Pi_normalized_mean,0.6484806802951405,32,-0.054677207324236234,-0.05316738884534435,0.12273096357615733,-0.2869262003653491,-0.11878091154195441,0.017630830768487624,0.17736409608301262,-0.3142698747724688,0.2366874786832448,0.7031578876193767,5.729262340412176,0,32,0.030303030303030304,1.0,0.06060606060606061,True,False,True
8,20,I_Pi_sign_bias,0.4359519675925926,32,-0.02317256221064813,-0.0210431134259259,0.04896363185032893,-0.10838252314814809,-0.055942563657407324,0.01167534722222225,0.05716399016203691,-0.1337673611111111,0.0883680555555556,0.4591245298032407,9.376847926777236,0,32,0.030303030303030304,1.0,0.06060606060606061,True,False,True
8,20,I_M_normalized_mean,0.7101041525171352,32,-0.07182662830920625,-0.06620947277651684,0.13403286890563493,-0.2815993998993151,-0.16406617874670074,0.016252471837128624,0.1892837435872828,-0.3023220962919697,0.2104631930312752,0.7819307808263415,5.833873341746161,0,32,0.030303030303030304,1.0,0.06060606060606061,True,False,True
8,20,I_M_sign_bias,0.4261429398148147,32,-0.029778374565972196,-0.02811053240740735,0.047030121621738495,-0.11086733217592587,-0.06351273148148144,-0.008893952546296276,0.06036675347222211,-0.1190972222222222,0.0737991898148148,0.4559213143807869,9.694240598562448,0,32,0.030303030303030304,1.0,0.06060606060606061,True,False,True
8,20,I_T_normalized_mean,0.6412613101346876,32,-0.05993501470725792,-0.06803080420735966,0.12196500145577528,-0.2583345896397853,-0.1341968749211945,0.029577451556767324,0.16416208179232222,-0.2727380025453513,0.1699727749672623,0.7011963248419455,5.749160139978357,0,32,0.030303030303030304,1.0,0.06060606060606061,True,False,True
8,20,I_T_sign_bias,0.3812210648148147,32,-0.026183177806712945,-0.02184606481481475,0.041171155927872946,-0.10029043692129623,-0.0549587673611111,0.0002893518518518748,0.04490198206018508,-0.1010416666666666,0.054152199074074,0.40740424262152763,9.895380235018232,0,32,0.030303030303030304,1.0,0.06060606060606061,True,False,True
8,20,I_quarter_W_normalized_mean,0.5371611781485365,32,-0.04662226789386328,-0.05624801961379055,0.08748767382601293,-0.17429278676785673,-0.11307943697558673,-0.008022451394569804,0.1319595000560097,-0.2253175129411239,0.172846952380104,0.5837834460423997,6.672750806054943,0,32,0.030303030303030304,1.0,0.06060606060606061,True,False,True
8,20,I_quarter_W_sign_bias,0.3753761574074074,32,-0.01606309678819442,-0.014894386574074001,0.037667074863161884,-0.07615451388888886,-0.04268663194444437,0.003602430555555475,0.056773003472222125,-0.0923900462962962,0.0663483796296295,0.39143925419560177,10.392079969512748,0,32,0.030303030303030304,1.0,0.06060606060606061,True,False,True
8,20,corr_I_Pi_I_M,0.8537265074869005,32,0.848691886363658,0.8507167020169566,0.026741633796929887,0.7981513798711298,0.8280935758334684,0.8691579423026063,0.8900721766621252,0.7915972406464755,0.8945315088637346,0.005034621123242489,0.18826901757290895,16,16,0.5151515151515151,0.5151515151515151,1.0,False,False,False
8,20,corr_I_Pi_I_T,0.8008552421327653,32,0.7372497129379585,0.7369268469819068,0.05147218809377572,0.6477236163089604,0.7015364094089458,0.7746857513124107,0.8174864914387421,0.6264339395233095,0.8235485224167333,0.06360552919480678,1.2357261571807607,4,28,0.15151515151515152,0.8787878787878788,0.30303030303030304,False,False,False
8,20,corr_I_Pi_I_quarter_W,0.5771763680222203,32,0.49729573054587417,0.5076440082449902,0.06160305487524343,0.3636485094602705,0.46809675554974933,0.5455429566177588,0.569680631016618,0.3575185899465563,0.5729546146443468,0.0798806374763461,1.2966992893147566,0,32,0.030303030303030304,1.0,0.06060606060606061,True,False,True
