audit,derivative,filter_width_gridpoints,phase_id,phase_seed,case,n_frames,finite_time_A_physical,finite_time_A_bispectral,finite_time_A_closure_abs_error,finite_time_A_closure_rel_error,finite_time_delta_physical,finite_time_delta_phase_response,finite_time_delta_abs_error,finite_time_delta_rel_error
A_bandlimited,d4,2,-1,-1,reference,3,0.00392089603378912,0.003920896033789125,5.204170427930421e-18,1.3272911046562867e-15,0.0,0.0,0.0,0.0
A_bandlimited,d4,2,0,2026071701,surrogate,3,0.001024435489419223,0.001024435489419223,0.0,0.0,-0.0028964605443698977,-0.002896460544369901,3.469446951953614e-18,1.1978229631670543e-15
A_bandlimited,d4,2,1,2026071702,surrogate,3,-0.0016102608229712375,-0.0016102608229712396,2.168404344971009e-18,1.3466168424627555e-15,-0.005531156856760357,-0.005531156856760362,5.204170427930421e-18,9.408828139758346e-16
A_bandlimited,d4,2,2,2026071703,surrogate,3,0.0025744062938630563,0.002574406293863054,2.168404344971009e-18,8.422929784393836e-16,-0.001346489739926064,-0.001346489739926074,9.974659986866641e-18,7.407898991799431e-15
A_bandlimited,d4,4,-1,-1,reference,3,0.004013863760561812,0.004013863760561814,2.6020852139652106e-18,6.482744231460913e-16,0.0,0.0,0.0,0.0
A_bandlimited,d4,4,0,2026071701,surrogate,3,0.0004990276721678762,0.0004990276721678794,3.144186300207963e-18,6.3006251467959035e-15,-0.003514836088393936,-0.0035148360883939266,9.540979117872439e-18,2.714487639801172e-15
A_bandlimited,d4,4,1,2026071702,surrogate,3,-0.0009750719812917553,-0.0009750719812917563,9.75781955236954e-19,1.0007281246500973e-15,-0.004988935741853567,-0.0049889357418535715,4.336808689942018e-18,8.692853374637244e-16
A_bandlimited,d4,4,2,2026071703,surrogate,3,0.0017601569497906954,0.0017601569497906963,8.673617379884035e-19,4.927752255794821e-16,-0.0022537068107711168,-0.0022537068107711176,8.673617379884035e-19,3.848600598103669e-16
A_bandlimited,spectral,2,-1,-1,reference,3,0.003894222798035432,0.0038942227980354378,5.637851296924623e-18,1.4477474939977273e-15,0.0,0.0,0.0,0.0
A_bandlimited,spectral,2,0,2026071701,surrogate,3,0.0010722098825589942,0.0010722098825589961,1.951563910473908e-18,1.8201323660776158e-15,-0.002822012915476438,-0.002822012915476447,8.673617379884035e-18,3.0735569395576805e-15
A_bandlimited,spectral,2,1,2026071702,surrogate,3,-0.001581815274310859,-0.0015818152743108632,4.119968255444917e-18,2.6045824201816677e-15,-0.005476038072346291,-0.005476038072346301,9.540979117872439e-18,1.7423142410301844e-15
A_bandlimited,spectral,2,2,2026071703,surrogate,3,0.0026521098476479103,0.0026521098476479064,3.903127820947816e-18,1.4717066958630698e-15,-0.001242112950387522,-0.0012421129503875283,6.288372600415926e-18,5.062641524230151e-15
A_bandlimited,spectral,4,-1,-1,reference,3,0.0040355740055096345,0.004035574005509635,8.673617379884035e-19,2.1492896346448443e-16,0.0,0.0,0.0,0.0
A_bandlimited,spectral,4,0,2026071701,surrogate,3,0.000496221493187831,0.0004962214931878336,2.6020852139652106e-18,5.24379787995247e-15,-0.0035393525123218034,-0.003539352512321804,4.336808689942018e-19,1.225311317492104e-16
A_bandlimited,spectral,4,1,2026071702,surrogate,3,-0.0009716968042685989,-0.0009716968042686012,2.3852447794681098e-18,2.4547212350497436e-15,-0.0050072708097782335,-0.005007270809778233,8.673617379884035e-19,1.7322045699917277e-16
A_bandlimited,spectral,4,2,2026071703,surrogate,3,0.0017866807602726225,0.0017866807602726243,1.734723475976807e-18,9.709196598233424e-16,-0.0022488932452370118,-0.002248893245237015,3.0357660829594124e-18,1.3498933706119375e-15
B_nonbandlimited_2x,d4,2,-1,-1,reference,3,0.0025653743139436884,0.0025653743139436914,3.0357660829594124e-18,1.183361845660877e-15,0.0,0.0,0.0,0.0
B_nonbandlimited_2x,d4,2,0,2026071701,surrogate,3,0.0005723120580751207,0.0005723120580751181,2.6020852139652106e-18,4.546619588475742e-15,-0.0019930622558685675,-0.001993062255868572,4.336808689942018e-18,2.175952445625963e-15
B_nonbandlimited_2x,d4,2,1,2026071702,surrogate,3,0.0008064678791227394,0.0008064678791227467,7.26415455565288e-18,9.00736996934661e-15,-0.0017589064348209487,-0.0017589064348209494,6.505213034913027e-19,3.6984417738941496e-16
B_nonbandlimited_2x,d4,2,2,2026071703,surrogate,3,-0.0013880568016829836,-0.0013880568016829866,3.0357660829594124e-18,2.1870618545859338e-15,-0.003953431115626672,-0.003953431115626667,4.336808689942018e-18,1.0969733790984684e-15
B_nonbandlimited_2x,d4,4,-1,-1,reference,3,0.00025878338032011487,0.0002587833803201159,1.0299920638612292e-18,3.980132196229625e-15,0.0,0.0,0.0,0.0
B_nonbandlimited_2x,d4,4,0,2026071701,surrogate,3,4.4575626923056524e-05,4.4575626923055427e-05,1.0977546996415732e-18,2.4626792160129217e-14,-0.0002142077533970583,-0.00021420775339705967,1.3552527156068805e-18,6.326814478534573e-15
B_nonbandlimited_2x,d4,4,1,2026071702,surrogate,3,-0.0006353538076538928,-0.0006353538076538933,4.336808689942018e-19,6.825816793254317e-16,-0.0008941371879740077,-0.0008941371879740055,2.168404344971009e-18,2.425136068755082e-15
B_nonbandlimited_2x,d4,4,2,2026071703,surrogate,3,-0.00013917407650795098,-0.00013917407650795114,1.6263032587282567e-19,1.1685389258791628e-15,-0.0003979574568280658,-0.0003979574568280641,1.734723475976807e-18,4.359067649601248e-15
B_nonbandlimited_2x,spectral,2,-1,-1,reference,3,0.002731819465946502,0.0027318194659465,2.168404344971009e-18,7.937582889357277e-16,0.0,0.0,0.0,0.0
B_nonbandlimited_2x,spectral,2,0,2026071701,surrogate,3,0.0013336789299277514,0.0013336789299277553,3.903127820947816e-18,2.9265873017572876e-15,-0.0013981405360187508,-0.0013981405360187586,7.806255641895632e-18,5.5833125789515746e-15
B_nonbandlimited_2x,spectral,2,1,2026071702,surrogate,3,0.0015747385724999977,0.001574738572499996,1.734723475976807e-18,1.1015945797420985e-15,-0.0011570808934465045,-0.0011570808934464934,1.1058862159352145e-17,9.55755316848418e-15
B_nonbandlimited_2x,spectral,2,2,2026071703,surrogate,3,-0.0017752020295509119,-0.001775202029550907,4.7704895589362195e-18,2.6872938851602437e-15,-0.004507021495497413,-0.0045070214954974095,3.469446951953614e-18,7.697870878627154e-16
B_nonbandlimited_2x,spectral,4,-1,-1,reference,3,0.0002693394604167269,0.000269339460416727,1.0842021724855044e-19,4.0254115412869945e-16,0.0,0.0,0.0,0.0
B_nonbandlimited_2x,spectral,4,0,2026071701,surrogate,3,5.981039637188492e-05,5.9810396371883576e-05,1.3417001884508117e-18,2.2432558047408375e-14,-0.00020952906404484199,-0.00020952906404484199,0.0,0.0
B_nonbandlimited_2x,spectral,4,1,2026071702,surrogate,3,-0.0006231570569640299,-0.000623157056964026,3.903127820947816e-18,6.263473673817536e-15,-0.0008924965173807568,-0.0008924965173807577,8.673617379884035e-19,9.718376723013799e-16
B_nonbandlimited_2x,spectral,4,2,2026071703,surrogate,3,-0.00014804034133470507,-0.00014804034133470613,1.0570971181733668e-18,7.140601734924156e-15,-0.000417379801751432,-0.00041737980175143245,4.336808689942018e-19,1.0390557165784398e-15
