audit,field_id,field_seed,derivative,filter_width_gridpoints,sigma,phase_id,phase_seed,case,padding_factor,active_mode_count,closed_ordered_triad_count,A_physical,A_bispectral,A_closure_abs_error,A_closure_rel_error,delta_physical,delta_phase_response,delta_response_abs_error,delta_response_rel_error,T,C_phi,A_minus_T_C_abs,T_invariance_rel_error,bound_excess,sign_match
A_bandlimited,0,2026071601,spectral,2,0.22672492052927723,-1,-1,reference,1.0,3375,4826809,-0.005184314959956238,-0.005184314959956228,1.0408340855860843e-17,2.0076598231888097e-15,0.0,0.0,0.0,0.0,1.6069401704678032,-0.003226202851377472,0.0,0.0,0.0,True
A_bandlimited,0,2026071601,spectral,2,0.22672492052927723,0,2026071701,surrogate,1.0,3375,4826809,-0.0015041716178710073,-0.0015041716178710077,4.336808689942018e-19,2.883187422509874e-16,0.003680143342085231,0.0036801433420852155,1.5612511283791264e-17,4.2423649930290354e-15,1.6069401704678035,-0.0009360470573295343,0.0,1.381785140515785e-16,0.0,True
A_bandlimited,0,2026071601,spectral,2,0.22672492052927723,1,2026071702,surrogate,1.0,3375,4826809,0.0003118031871173321,0.000311803187117339,6.938893903907228e-18,2.2254082673298513e-14,0.005496118147073571,0.005496118147073566,4.336808689942018e-18,7.890675880486973e-16,1.6069401704678035,0.0001940353429751953,0.0,1.381785140515785e-16,0.0,True
A_bandlimited,0,2026071601,spectral,2,0.22672492052927723,2,2026071703,surrogate,1.0,3375,4826809,0.0008681935407162968,0.0008681935407162876,9.215718466126788e-18,1.0614820352756168e-14,0.006052508500672535,0.006052508500672514,2.168404344971009e-17,3.582653943782256e-15,1.6069401704678032,0.000540277451937457,0.0,0.0,0.0,True
A_bandlimited,0,2026071601,spectral,4,0.45344984105855446,-1,-1,reference,1.0,3375,4826809,-0.0021784170843490522,-0.0021784170843490527,4.336808689942018e-19,1.9908073256953586e-16,0.0,0.0,0.0,0.0,1.2337768716654547,-0.0017656491496784537,0.0,0.0,0.0,True
A_bandlimited,0,2026071601,spectral,4,0.45344984105855446,0,2026071701,surrogate,1.0,3375,4826809,5.108358528039224e-05,5.108358528039538e-05,3.144186300207963e-18,6.15498360764945e-14,0.0022295006696294445,0.0022295006696294415,3.0357660829594124e-18,1.361634972490936e-15,1.2337768716654542,4.140423317502988e-05,0.0,3.5994288760705494e-16,0.0,True
A_bandlimited,0,2026071601,spectral,4,0.45344984105855446,1,2026071702,surrogate,1.0,3375,4826809,0.0007795539405619223,0.0007795539405619194,2.927345865710862e-18,3.755154984657966e-15,0.0029579710249109745,0.002957971024910965,9.540979117872439e-18,3.225514732065231e-15,1.2337768716654547,0.0006318435354600322,0.0,0.0,0.0,True
A_bandlimited,0,2026071601,spectral,4,0.45344984105855446,2,2026071703,surrogate,1.0,3375,4826809,-0.0013869130778210738,-0.001386913077821072,1.734723475976807e-18,1.2507802426249847e-15,0.0007915040065279784,0.0007915040065279749,3.469446951953614e-18,4.383359936701691e-15,1.2337768716654545,-0.0011241198547910058,0.0,1.7997144380352747e-16,0.0,True
A_bandlimited,0,2026071601,d4,2,0.22672492052927723,-1,-1,reference,1.0,3375,4826809,-0.004835943699789632,-0.004835943699789623,9.540979117872439e-18,1.972930147695367e-15,0.0,0.0,0.0,0.0,1.5741000793033961,-0.0030721958300959657,0.0,0.0,0.0,True
A_bandlimited,0,2026071601,d4,2,0.22672492052927723,0,2026071701,surrogate,1.0,3375,4826809,-0.001368325495795866,-0.0013683254957958665,4.336808689942018e-19,3.169427671461735e-16,0.003467618203993766,0.003467618203993757,9.107298248878237e-18,2.6263843690718526e-15,1.574100079303396,-0.000869274777243774,0.0,1.4106130089472784e-16,0.0,True
A_bandlimited,0,2026071601,d4,2,0.22672492052927723,1,2026071702,surrogate,1.0,3375,4826809,0.0003222713594913908,0.0003222713594913983,7.48099499014998e-18,2.3213341086084488e-14,0.005158215059281023,0.0051582150592810235,8.673617379884035e-19,1.6815152684023618e-16,1.574100079303396,0.00020473371657157697,0.0,1.4106130089472784e-16,0.0,True
A_bandlimited,0,2026071601,d4,2,0.22672492052927723,2,2026071703,surrogate,1.0,3375,4826809,0.0007535244946253951,0.000753524494625386,9.107298248878237e-18,1.2086267020962354e-14,0.005589468194415028,0.005589468194415004,2.3418766925686896e-17,4.189802340960957e-15,1.5741000793033963,0.00047870177032126917,0.0,1.4106130089472784e-16,0.0,True
A_bandlimited,0,2026071601,d4,4,0.45344984105855446,-1,-1,reference,1.0,3375,4826809,-0.0020588750030336774,-0.002058875003033674,3.469446951953614e-18,1.685117817663292e-15,0.0,0.0,0.0,0.0,1.2184487073608095,-0.001689751066742275,0.0,0.0,0.0,True
A_bandlimited,0,2026071601,d4,4,0.45344984105855446,0,2026071701,surrogate,1.0,3375,4826809,0.00010155672976797954,0.00010155672976798122,1.6805133673525319e-18,1.6547533296827008e-14,0.002160431732801657,0.002160431732801662,5.204170427930421e-18,2.4088566877239944e-15,1.2184487073608095,8.334920391352022e-05,0.0,0.0,0.0,True
A_bandlimited,0,2026071601,d4,4,0.45344984105855446,1,2026071702,surrogate,1.0,3375,4826809,0.0008147378262234196,0.0008147378262234196,0.0,0.0,0.0028736128292570972,0.00287361282925709,7.37257477290143e-18,2.565611726757021e-15,1.2184487073608097,0.0006686681362140899,0.0,1.8223549631890989e-16,0.0,True
A_bandlimited,0,2026071601,d4,4,0.45344984105855446,2,2026071703,surrogate,1.0,3375,4826809,-0.0014118173423614683,-0.0014118173423614668,1.5178830414797062e-18,1.0751270691581305e-15,0.0006470576606722091,0.0006470576606722036,5.5294310796760726e-18,8.545499753347653e-15,1.2184487073608097,-0.0011587006772074127,0.0,1.8223549631890989e-16,0.0,True
A_bandlimited,1,2026071602,spectral,2,0.22672492052927723,-1,-1,reference,1.0,3375,4826809,0.0060185469360432035,0.0060185469360432104,6.938893903907228e-18,1.1529184664744152e-15,0.0,0.0,0.0,0.0,1.6224985315096303,0.003709431361052352,0.0,0.0,0.0,True
A_bandlimited,1,2026071602,spectral,2,0.22672492052927723,0,2026071701,surrogate,1.0,3375,4826809,0.0005943813799025597,0.0005943813799025666,6.938893903907228e-18,1.1674144141333431e-14,-0.005424165556140644,-0.00542416555614065,6.071532165918825e-18,1.1193486082011816e-15,1.6224985315096296,0.00036633708342992047,0.0,4.1056050396255173e-16,0.0,True
A_bandlimited,1,2026071602,spectral,2,0.22672492052927723,1,2026071702,surrogate,1.0,3375,4826809,-0.0013996731361744287,-0.0013996731361744384,9.75781955236954e-18,6.971498773663284e-15,-0.007418220072217633,-0.007418220072217648,1.5612511283791264e-17,2.1046168935136437e-15,1.62249853150963,-0.0008626652714884943,0.0,1.3685350132085059e-16,0.0,True
A_bandlimited,1,2026071602,spectral,2,0.22672492052927723,2,2026071703,surrogate,1.0,3375,4826809,0.001192118951634535,0.0011921189516345364,1.3010426069826053e-18,1.0913697875524264e-15,-0.004826427984408669,-0.00482642798440867,1.734723475976807e-18,3.5942180875394204e-16,1.62249853150963,0.0007347426999057724,0.0,1.3685350132085059e-16,0.0,True
A_bandlimited,1,2026071602,spectral,4,0.45344984105855446,-1,-1,reference,1.0,3375,4826809,0.005447863491651551,0.005447863491651547,4.336808689942018e-18,7.960567838360593e-16,0.0,0.0,0.0,0.0,1.255446326019507,0.004339383834054008,8.673617379884035e-19,0.0,0.0,True
A_bandlimited,1,2026071602,spectral,4,0.45344984105855446,0,2026071701,surrogate,1.0,3375,4826809,0.00030290778219929627,0.00030290778219929627,0.0,0.0,-0.005144955709452254,-0.0051449557094522536,8.673617379884035e-19,1.6858487943732857e-16,1.255446326019507,0.00024127497601565302,0.0,0.0,0.0,True
A_bandlimited,1,2026071602,spectral,4,0.45344984105855446,1,2026071702,surrogate,1.0,3375,4826809,-0.0032242383818456627,-0.0032242383818456653,2.6020852139652106e-18,8.07038719164334e-16,-0.008672101873497214,-0.008672101873497212,1.734723475976807e-18,2.000349513049761e-16,1.255446326019507,-0.002568200897977352,0.0,0.0,0.0,True
A_bandlimited,1,2026071602,spectral,4,0.45344984105855446,2,2026071703,surrogate,1.0,3375,4826809,0.003880382905954742,0.0038803829059547456,3.469446951953614e-18,8.940991226998453e-16,-0.0015674805856968088,-0.00156748058569681,1.3010426069826053e-18,8.300215127731474e-16,1.255446326019507,0.0030908393497456874,4.336808689942018e-19,0.0,0.0,True
A_bandlimited,1,2026071602,d4,2,0.22672492052927723,-1,-1,reference,1.0,3375,4826809,0.005982324560929879,0.0059823245609298865,7.806255641895632e-18,1.3048866811536276e-15,0.0,0.0,0.0,0.0,1.5894095810266442,0.0037638659237638015,0.0,0.0,0.0,True
A_bandlimited,1,2026071602,d4,2,0.22672492052927723,0,2026071701,surrogate,1.0,3375,4826809,0.0004842474551874634,0.00048424745518746865,5.2583805365546965e-18,1.0858870769943434e-14,-0.005498077105742415,-0.005498077105742417,1.734723475976807e-18,3.15514577662978e-16,1.5894095810266444,0.0003046712823227601,0.0,1.3970257105258323e-16,0.0,True
A_bandlimited,1,2026071602,d4,2,0.22672492052927723,1,2026071702,surrogate,1.0,3375,4826809,-0.0014836390943748562,-0.0014836390943748653,9.107298248878237e-18,6.1384862958977355e-15,-0.007465963655304735,-0.007465963655304754,1.9081958235744878e-17,2.5558600492498608e-15,1.5894095810266444,-0.0009334529702636755,0.0,1.3970257105258323e-16,0.0,True
A_bandlimited,1,2026071602,d4,2,0.22672492052927723,2,2026071703,surrogate,1.0,3375,4826809,0.0013176696031620965,0.0013176696031620963,2.168404344971009e-19,1.6456358557314743e-16,-0.0046646549577677825,-0.004664654957767788,5.204170427930421e-18,1.1156603167966816e-15,1.5894095810266444,0.0008290308671166914,0.0,1.3970257105258323e-16,0.0,True
A_bandlimited,1,2026071602,d4,4,0.45344984105855446,-1,-1,reference,1.0,3375,4826809,0.005392580701350959,0.005392580701350959,0.0,0.0,0.0,0.0,0.0,0.0,1.2396792921935758,0.0043499804629380774,0.0,0.0,0.0,True
A_bandlimited,1,2026071602,d4,4,0.45344984105855446,0,2026071701,surrogate,1.0,3375,4826809,0.00028566575271292156,0.0002856657527129248,3.2526065174565133e-18,1.1386056909401975e-14,-0.005106914948638038,-0.005106914948638029,8.673617379884035e-18,1.6984064679199722e-15,1.2396792921935753,0.00023043520571150932,0.0,3.582291102598479e-16,0.0,True
A_bandlimited,1,2026071602,d4,4,0.45344984105855446,1,2026071702,surrogate,1.0,3375,4826809,-0.003242699393714282,-0.003242699393714283,8.673617379884035e-19,2.674813890148794e-16,-0.00863528009506524,-0.008635280095065243,1.734723475976807e-18,2.0088792220742675e-16,1.2396792921935758,-0.002615756683308328,0.0,0.0,0.0,True
A_bandlimited,1,2026071602,d4,4,0.45344984105855446,2,2026071703,surrogate,1.0,3375,4826809,0.0039145070096417035,0.003914507009641704,8.673617379884035e-19,2.2157623829821508e-16,-0.0014780736917092557,-0.0014780736917092588,3.0357660829594124e-18,2.0538665291098058e-15,1.2396792921935758,0.003157677178518567,0.0,0.0,0.0,True
A_bandlimited,2,2026071603,spectral,2,0.22672492052927723,-1,-1,reference,1.0,3375,4826809,0.010848436418019332,0.01084843641801933,1.734723475976807e-18,1.599053918125398e-16,0.0,0.0,0.0,0.0,1.6382787798783507,0.006621850048515476,0.0,0.0,0.0,True
A_bandlimited,2,2026071603,spectral,2,0.22672492052927723,0,2026071701,surrogate,1.0,3375,4826809,0.00412641988564543,0.0041264198856454295,8.673617379884035e-19,2.1019715928708403e-16,-0.006722016532373902,-0.006722016532373905,3.469446951953614e-18,5.161318683529578e-16,1.6382787798783507,0.0025187531794508343,0.0,0.0,0.0,True
A_bandlimited,2,2026071603,spectral,2,0.22672492052927723,1,2026071702,surrogate,1.0,3375,4826809,-0.0036575758738754804,-0.0036575758738754895,9.107298248878237e-18,2.489982043551796e-15,-0.014506012291894813,-0.014506012291894818,5.204170427930421e-18,3.587595490208038e-16,1.6382787798783507,-0.0022325723306671165,4.336808689942018e-19,0.0,0.0,True
A_bandlimited,2,2026071603,spectral,2,0.22672492052927723,2,2026071703,surrogate,1.0,3375,4826809,0.0058960170505929,0.005896017050592896,3.469446951953614e-18,5.884390974759357e-16,-0.004952419367426433,-0.004952419367426428,4.336808689942018e-18,8.756949620354299e-16,1.6382787798783507,0.0035989094914790393,0.0,0.0,0.0,True
A_bandlimited,2,2026071603,spectral,4,0.45344984105855446,-1,-1,reference,1.0,3375,4826809,0.008837275609226406,0.008837275609226411,5.204170427930421e-18,5.888885509576157e-16,0.0,0.0,0.0,0.0,1.2625985089040113,0.006999276133232201,0.0,0.0,0.0,True
A_bandlimited,2,2026071603,spectral,4,0.45344984105855446,0,2026071701,surrogate,1.0,3375,4826809,0.0011346731120838046,0.001134673112083809,4.336808689942018e-18,3.822077604339754e-15,-0.007702602497142601,-0.0077026024971426,8.673617379884035e-19,1.1260632212426446e-16,1.262598508904011,0.0008986808586276196,0.0,1.758631927403236e-16,0.0,True
A_bandlimited,2,2026071603,spectral,4,0.45344984105855446,1,2026071702,surrogate,1.0,3375,4826809,-0.0004704059715220561,-0.000470405971522058,1.951563910473908e-18,4.148680137200164e-15,-0.009307681580748461,-0.009307681580748451,1.0408340855860843e-17,1.1182527856763954e-15,1.262598508904011,-0.0003725697188810957,0.0,1.758631927403236e-16,0.0,True
A_bandlimited,2,2026071603,spectral,4,0.45344984105855446,2,2026071703,surrogate,1.0,3375,4826809,0.0028665724526842,0.0028665724526841995,4.336808689942018e-19,1.512889962324559e-16,-0.005970703156542205,-0.005970703156542209,3.469446951953614e-18,5.810784527366894e-16,1.262598508904011,0.0022703752875270745,0.0,1.758631927403236e-16,0.0,True
A_bandlimited,2,2026071603,d4,2,0.22672492052927723,-1,-1,reference,1.0,3375,4826809,0.010616307240227114,0.010616307240227111,3.469446951953614e-18,3.2680355545921374e-16,0.0,0.0,0.0,0.0,1.606125101792942,0.006609888126632206,0.0,0.0,0.0,True
A_bandlimited,2,2026071603,d4,2,0.22672492052927723,0,2026071701,surrogate,1.0,3375,4826809,0.003957384508866072,0.003957384508866067,5.204170427930421e-18,1.315053014502651e-15,-0.006658922731361042,-0.006658922731361042,0.0,0.0,1.6061251017929419,0.002463932918082395,0.0,1.3824863622214702e-16,0.0,True
A_bandlimited,2,2026071603,d4,2,0.22672492052927723,1,2026071702,surrogate,1.0,3375,4826809,-0.0036694147340302465,-0.003669414734030252,5.637851296924623e-18,1.5364442848716545e-15,-0.01428572197425736,-0.014285721974257355,5.204170427930421e-18,3.6429173389404135e-16,1.6061251017929419,-0.002284638182875063,4.336808689942018e-19,1.3824863622214702e-16,0.0,True
A_bandlimited,2,2026071603,d4,2,0.22672492052927723,2,2026071703,surrogate,1.0,3375,4826809,0.0056520247838016775,0.00565202478380168,2.6020852139652106e-18,4.603810693510422e-16,-0.004964282456425437,-0.004964282456425439,1.734723475976807e-18,3.494409295207399e-16,1.6061251017929419,0.0035190439259633255,0.0,1.3824863622214702e-16,0.0,True
A_bandlimited,2,2026071603,d4,4,0.45344984105855446,-1,-1,reference,1.0,3375,4826809,0.008707885583368154,0.008707885583368158,3.469446951953614e-18,3.984258771819614e-16,0.0,0.0,0.0,0.0,1.2471378852784616,0.006982295771909661,0.0,0.0,0.0,True
A_bandlimited,2,2026071603,d4,4,0.45344984105855446,0,2026071701,surrogate,1.0,3375,4826809,0.0011098605340227276,0.0011098605340227321,4.553649124439119e-18,4.102902107829929e-15,-0.007598025049345427,-0.0075980250493454145,1.214306433183765e-17,1.5981869305476665e-15,1.2471378852784616,0.0008899260836542721,0.0,0.0,0.0,True
A_bandlimited,2,2026071603,d4,4,0.45344984105855446,1,2026071702,surrogate,1.0,3375,4826809,-0.0004972543763844032,-0.0004972543763844056,2.3852447794681098e-18,4.796830139156345e-15,-0.009205139959752558,-0.009205139959752561,3.469446951953614e-18,3.769032265802588e-16,1.2471378852784616,-0.00039871643885902667,0.0,0.0,0.0,True
A_bandlimited,2,2026071603,d4,4,0.45344984105855446,2,2026071703,surrogate,1.0,3375,4826809,0.002777781182091851,0.0027777811820918507,4.336808689942018e-19,1.5612492149853636e-16,-0.005930104401276303,-0.005930104401276297,6.071532165918825e-18,1.0238491188472303e-15,1.2471378852784616,0.0022273248330288886,0.0,0.0,0.0,True
B_nonbandlimited_2x,0,2026071601,spectral,2,0.22672492052927723,-1,-1,reference,2.0,3375,4826809,0.0017630621291127044,0.0017630621291127063,1.951563910473908e-18,1.1069172652787163e-15,0.0,0.0,0.0,0.0,7.953396397171794,0.00022167411770644883,0.0,0.0,0.0,True
B_nonbandlimited_2x,0,2026071601,spectral,2,0.22672492052927723,0,2026071701,surrogate,2.0,3375,4826809,-0.0010454349840742518,-0.0010454349840742494,2.3852447794681098e-18,2.2815811751127492e-15,-0.0028084971131869564,-0.0028084971131869655,9.107298248878237e-18,3.242765750449234e-15,7.95339639717179,-0.0001314450999130389,0.0,4.466913883562796e-16,0.0,True
B_nonbandlimited_2x,0,2026071601,spectral,2,0.22672492052927723,1,2026071702,surrogate,2.0,3375,4826809,0.0008504162124581341,0.0008504162124581354,1.3010426069826053e-18,1.5298892329697365e-15,-0.0009126459166545703,-0.0009126459166545691,1.1926223897340549e-18,1.3067744762457022e-15,7.953396397171789,0.00010692491232557471,0.0,5.583642354453495e-16,0.0,True
B_nonbandlimited_2x,0,2026071601,spectral,2,0.22672492052927723,2,2026071703,surrogate,2.0,3375,4826809,-0.0036424879816584167,-0.003642487981658409,7.806255641895632e-18,2.143110884978531e-15,-0.005405550110771121,-0.0054055501107711165,4.336808689942018e-18,8.022881299907803e-16,7.95339639717179,-0.00045797893123416676,0.0,4.466913883562796e-16,0.0,True
B_nonbandlimited_2x,0,2026071601,spectral,4,0.45344984105855446,-1,-1,reference,2.0,3375,4826809,-0.0006713106259973466,-0.0006713106259973453,1.3010426069826053e-18,1.9380634785121783e-15,0.0,0.0,0.0,0.0,0.9953684113023545,-0.0006744343284101137,0.0,0.0,0.0,True
B_nonbandlimited_2x,0,2026071601,spectral,4,0.45344984105855446,0,2026071701,surrogate,2.0,3375,4826809,-0.0006136788227677913,-0.0006136788227677927,1.4094628242311558e-18,2.2967434624422038e-15,5.763180322955529e-05,5.763180322955255e-05,2.7376104855258987e-18,4.7501732240124864e-14,0.9953684113023544,-0.0006165343563242542,0.0,1.1153890479330408e-16,0.0,True
B_nonbandlimited_2x,0,2026071601,spectral,4,0.45344984105855446,1,2026071702,surrogate,2.0,3375,4826809,-0.0006002271354778577,-0.0006002271354778582,4.336808689942018e-19,7.225279287797209e-16,7.108349051948885e-05,7.108349051948568e-05,3.1712913545201005e-18,4.461361325033177e-14,0.9953684113023544,-0.0006030200764483898,0.0,1.1153890479330408e-16,0.0,True
B_nonbandlimited_2x,0,2026071601,spectral,4,0.45344984105855446,2,2026071703,surrogate,2.0,3375,4826809,-0.0013085569506586668,-0.0013085569506586692,2.3852447794681098e-18,1.8228054791711464e-15,-0.0006372463246613202,-0.0006372463246613231,2.8189256484623115e-18,4.423604404404348e-15,0.9953684113023545,-0.0013146458495166971,0.0,0.0,0.0,True
B_nonbandlimited_2x,0,2026071601,d4,2,0.22672492052927723,-1,-1,reference,2.0,3375,4826809,0.0014282194865551845,0.0014282194865551877,3.2526065174565133e-18,2.2773856175997705e-15,0.0,0.0,0.0,0.0,6.78617516079949,0.00021046015652606982,0.0,0.0,0.0,True
B_nonbandlimited_2x,0,2026071601,d4,2,0.22672492052927723,0,2026071701,surrogate,2.0,3375,4826809,-0.0015520013160676804,-0.0015520013160676839,3.469446951953614e-18,2.2354665012425217e-15,-0.002980220802622865,-0.0029802208026228688,3.903127820947816e-18,1.3096773962226907e-15,6.786175160799489,-0.00022870045044414095,0.0,1.308805621214598e-16,0.0,True
B_nonbandlimited_2x,0,2026071601,d4,2,0.22672492052927723,1,2026071702,surrogate,2.0,3375,4826809,0.00025055774160983647,0.00025055774160983603,4.336808689942018e-19,1.7308619809860875e-15,-0.001177661744945348,-0.0011776617449453476,4.336808689942018e-19,3.6825588574614664e-16,6.78617516079949,3.692179109333768e-05,0.0,0.0,0.0,True
B_nonbandlimited_2x,0,2026071601,d4,2,0.22672492052927723,2,2026071703,surrogate,2.0,3375,4826809,-0.0037079201664670085,-0.0037079201664670268,1.8214596497756474e-17,4.912348615938965e-15,-0.005136139653022193,-0.00513613965302218,1.3010426069826053e-17,2.5331137680749186e-15,6.786175160799489,-0.0005463932301491303,4.336808689942018e-19,1.308805621214598e-16,0.0,True
B_nonbandlimited_2x,0,2026071601,d4,4,0.45344984105855446,-1,-1,reference,2.0,3375,4826809,-0.000672250014777378,-0.0006722500147773762,1.8431436932253575e-18,2.741753295216709e-15,0.0,0.0,0.0,0.0,0.9694457334825107,-0.0006934374886178236,0.0,0.0,0.0,True
B_nonbandlimited_2x,0,2026071601,d4,4,0.45344984105855446,0,2026071701,surrogate,2.0,3375,4826809,-0.0006041346916856429,-0.0006041346916856464,3.469446951953614e-18,5.7428368204997834e-15,6.811532309173511e-05,6.811532309173337e-05,1.734723475976807e-18,2.546744839836622e-14,0.9694457334825107,-0.0006231753576504292,0.0,0.0,0.0,True
B_nonbandlimited_2x,0,2026071601,d4,4,0.45344984105855446,1,2026071702,surrogate,2.0,3375,4826809,-0.0006054318831219626,-0.0006054318831219617,9.75781955236954e-19,1.6117122048565542e-15,6.681813165541537e-05,6.681813165541633e-05,9.622294280808852e-19,1.440072334023255e-14,0.9694457334825107,-0.00062451343299752,0.0,0.0,0.0,True
B_nonbandlimited_2x,0,2026071601,d4,4,0.45344984105855446,2,2026071703,surrogate,2.0,3375,4826809,-0.0012968244209152276,-0.001296824420915228,4.336808689942018e-19,3.344175680221486e-16,-0.0006245744061378496,-0.0006245744061378469,2.710505431213761e-18,4.339763852916391e-15,0.9694457334825107,-0.0013376967643734783,0.0,0.0,0.0,True
B_nonbandlimited_2x,1,2026071602,spectral,2,0.22672492052927723,-1,-1,reference,2.0,3375,4826809,0.0037069554506268293,0.0037069554506268306,1.3010426069826053e-18,3.509733592192494e-16,0.0,0.0,0.0,0.0,7.739512326570322,0.0004789649908432314,0.0,0.0,0.0,True
B_nonbandlimited_2x,1,2026071602,spectral,2,0.22672492052927723,0,2026071701,surrogate,2.0,3375,4826809,0.0036651322164025332,0.0036651322164025393,6.071532165918825e-18,1.656565659145103e-15,-4.182323422429607e-05,-4.182323422430203e-05,5.9631119486702744e-18,1.4257892913516756e-13,7.739512326570323,0.0004735611317291746,0.0,1.1475896441833196e-16,0.0,True
B_nonbandlimited_2x,1,2026071602,spectral,2,0.22672492052927723,1,2026071702,surrogate,2.0,3375,4826809,0.00680126229395789,0.006801262293957884,6.071532165918825e-18,8.927066628958947e-16,0.0030943068433310606,0.003094306843331062,1.3010426069826053e-18,4.2046334538109863e-16,7.739512326570323,0.0008787714273170214,0.0,1.1475896441833196e-16,0.0,True
B_nonbandlimited_2x,1,2026071602,spectral,2,0.22672492052927723,2,2026071703,surrogate,2.0,3375,4826809,-0.0025501148534706843,-0.0025501148534706765,7.806255641895632e-18,3.0611388468528722e-15,-0.006257070304097514,-0.006257070304097503,1.0408340855860843e-17,1.6634527582413166e-15,7.739512326570324,-0.0003294929636220026,0.0,2.295179288366639e-16,0.0,True
B_nonbandlimited_2x,1,2026071602,spectral,4,0.45344984105855446,-1,-1,reference,2.0,3375,4826809,0.0005856316348177689,0.0005856316348177689,0.0,0.0,0.0,0.0,0.0,0.0,0.9575521410976253,0.0006115924237258449,0.0,0.0,0.0,True
B_nonbandlimited_2x,1,2026071602,spectral,4,0.45344984105855446,0,2026071701,surrogate,2.0,3375,4826809,0.0009089315265714502,0.0009089315265714492,9.75781955236954e-19,1.0735483660883324e-15,0.0003232998917536813,0.00032329989175368075,5.421010862427522e-19,1.6767747223861527e-15,0.9575521410976249,0.0009492240553392291,0.0,4.637754862529062e-16,0.0,True
B_nonbandlimited_2x,1,2026071602,spectral,4,0.45344984105855446,1,2026071702,surrogate,2.0,3375,4826809,0.0008090028993049152,0.0008090028993049215,6.288372600415926e-18,7.772991426629947e-15,0.00022337126448714636,0.00022337126448714712,7.589415207398531e-19,3.397668551871957e-15,0.9575521410976249,0.0008448656366405029,0.0,4.637754862529062e-16,0.0,True
B_nonbandlimited_2x,1,2026071602,spectral,4,0.45344984105855446,2,2026071703,surrogate,2.0,3375,4826809,0.0005101225356215025,0.0005101225356215007,1.734723475976807e-18,3.4006015316757668e-15,-7.55090991962664e-05,-7.550909919626616e-05,2.439454888092385e-19,3.2306767185126285e-15,0.9575521410976249,0.0005327360398742949,0.0,4.637754862529062e-16,0.0,True
B_nonbandlimited_2x,1,2026071602,d4,2,0.22672492052927723,-1,-1,reference,2.0,3375,4826809,0.003316079558035313,0.003316079558035317,4.336808689942018e-18,1.3078120153762094e-15,0.0,0.0,0.0,0.0,6.585533499193659,0.0005035400030143864,4.336808689942018e-19,0.0,0.0,True
B_nonbandlimited_2x,1,2026071602,d4,2,0.22672492052927723,0,2026071701,surrogate,2.0,3375,4826809,0.003188312935317333,0.0031883129353173297,3.469446951953614e-18,1.0881764187956976e-15,-0.0001277666227179797,-0.00012776662271797614,3.550762114890027e-18,2.7790999240291835e-14,6.5855334991936605,0.00048413889864924536,0.0,2.697362088610968e-16,0.0,True
B_nonbandlimited_2x,1,2026071602,d4,2,0.22672492052927723,1,2026071702,surrogate,2.0,3375,4826809,0.00561115832839907,0.005611158328399064,6.071532165918825e-18,1.082046132113172e-15,0.002295078770363757,0.002295078770363765,7.806255641895632e-18,3.4013018388289817e-15,6.5855334991936605,0.0008520430924975327,0.0,2.697362088610968e-16,0.0,True
B_nonbandlimited_2x,1,2026071602,d4,2,0.22672492052927723,2,2026071703,surrogate,2.0,3375,4826809,-0.0011002288764779572,-0.0011002288764779507,6.5052130349130266e-18,5.912599799904776e-15,-0.00441630843451327,-0.004416308434513254,1.5612511283791264e-17,3.5351949519150715e-15,6.5855334991936605,-0.00016706753926810393,0.0,2.697362088610968e-16,0.0,True
B_nonbandlimited_2x,1,2026071602,d4,4,0.45344984105855446,-1,-1,reference,2.0,3375,4826809,0.0005773502269504844,0.0005773502269504839,4.336808689942018e-19,7.511573543235064e-16,0.0,0.0,0.0,0.0,0.9320573165213881,0.0006194363980803914,0.0,0.0,0.0,True
B_nonbandlimited_2x,1,2026071602,d4,4,0.45344984105855446,0,2026071701,surrogate,2.0,3375,4826809,0.0008620615087855136,0.0008620615087855128,8.673617379884035e-19,1.0061483190571366e-15,0.00028471128183502926,0.0002847112818350313,2.0599841277224584e-18,7.235344221154059e-15,0.9320573165213879,0.0009249018204190354,0.0,2.382306334483197e-16,0.0,True
B_nonbandlimited_2x,1,2026071602,d4,4,0.45344984105855446,1,2026071702,surrogate,2.0,3375,4826809,0.0007781639713540929,0.0007781639713540912,1.6263032587282567e-18,2.089923613269201e-15,0.00020081374440360851,0.00020081374440360732,1.1926223897340549e-18,5.938948020096896e-15,0.932057316521388,0.0008348885391065268,0.0,1.1911531672415984e-16,0.0,True
B_nonbandlimited_2x,1,2026071602,d4,4,0.45344984105855446,2,2026071703,surrogate,2.0,3375,4826809,0.0005245806864231076,0.0005245806864231078,2.168404344971009e-19,4.1335954622280023e-16,-5.27695405273768e-05,-5.276954052737693e-05,1.2874900798265365e-19,2.4398356835390377e-15,0.932057316521388,0.0005628202012092356,0.0,1.1911531672415984e-16,0.0,True
B_nonbandlimited_2x,2,2026071603,spectral,2,0.22672492052927723,-1,-1,reference,2.0,3375,4826809,0.0027254408180999723,0.002725440818099963,9.107298248878237e-18,3.341587235501722e-15,0.0,0.0,0.0,0.0,7.693906194111956,0.0003542336947369734,0.0,0.0,0.0,True
B_nonbandlimited_2x,2,2026071603,spectral,2,0.22672492052927723,0,2026071701,surrogate,2.0,3375,4826809,0.0013813395574549722,0.001381339557454976,3.686287386450715e-18,2.668632318937169e-15,-0.001344101260645,-0.0013441012606450076,7.589415207398531e-18,5.64646089518324e-15,7.693906194111954,0.0001795368337752931,0.0,2.308784113796023e-16,0.0,True
B_nonbandlimited_2x,2,2026071603,spectral,2,0.22672492052927723,1,2026071702,surrogate,2.0,3375,4826809,-0.002927462788916031,-0.002927462788916031,0.0,0.0,-0.005652903607016003,-0.005652903607015973,3.0357660829594124e-17,5.370277460934632e-15,7.693906194111955,-0.000380491094517942,0.0,1.1543920568980115e-16,0.0,True
B_nonbandlimited_2x,2,2026071603,spectral,2,0.22672492052927723,2,2026071703,surrogate,2.0,3375,4826809,0.0008669967464763663,0.000866996746476364,2.2768245622195593e-18,2.6261050822543358e-15,-0.001858444071623606,-0.0018584440716236084,2.3852447794681098e-18,1.2834633099204692e-15,7.693906194111955,0.00011268616026796182,0.0,1.1543920568980115e-16,0.0,True
B_nonbandlimited_2x,2,2026071603,spectral,4,0.45344984105855446,-1,-1,reference,2.0,3375,4826809,0.0008936973724297584,0.0008936973724297574,9.75781955236954e-19,1.09184829824891e-15,0.0,0.0,0.0,0.0,0.9744503049207164,0.0009171297580972801,0.0,0.0,0.0,True
B_nonbandlimited_2x,2,2026071603,spectral,4,0.45344984105855446,0,2026071701,surrogate,2.0,3375,4826809,-0.00011582151468800415,-0.00011582151468800577,1.6263032587282567e-18,1.4041460803798944e-14,-0.0010095188871177625,-0.0010095188871177593,3.2526065174565133e-18,3.2219372603744953e-15,0.9744503049207159,-0.0001188583082206838,0.0,4.557330503233767e-16,0.0,True
B_nonbandlimited_2x,2,2026071603,spectral,4,0.45344984105855446,1,2026071702,surrogate,2.0,3375,4826809,-0.0020782469347191473,-0.0020782469347191412,6.071532165918825e-18,2.9214681203123377e-15,-0.002971944307148906,-0.002971944307148906,0.0,0.0,0.9744503049207159,-0.0021327377334939964,0.0,4.557330503233767e-16,0.0,True
B_nonbandlimited_2x,2,2026071603,spectral,4,0.45344984105855446,2,2026071703,surrogate,2.0,3375,4826809,0.00035431339103304913,0.00035431339103305005,9.215718466126788e-19,2.6010076670421846e-15,-0.0005393839813967093,-0.0005393839813967081,1.1926223897340549e-18,2.2110823288556247e-15,0.974450304920716,0.00036360334564406333,0.0,3.417997877425325e-16,0.0,True
B_nonbandlimited_2x,2,2026071603,d4,2,0.22672492052927723,-1,-1,reference,2.0,3375,4826809,0.0029518238972405676,0.0029518238972405684,8.673617379884035e-19,2.938392560610519e-16,0.0,0.0,0.0,0.0,6.582259030848736,0.0004484514941460685,0.0,0.0,0.0,True
B_nonbandlimited_2x,2,2026071603,d4,2,0.22672492052927723,0,2026071701,surrogate,2.0,3375,4826809,8.062455497570955e-05,8.062455497570852e-05,1.0299920638612292e-18,1.2775165880562612e-14,-0.002871199342264858,-0.00287119934226487,1.214306433183765e-17,4.22926550347386e-15,6.582259030848735,1.224876666169617e-05,0.0,1.349351971014123e-16,0.0,True
B_nonbandlimited_2x,2,2026071603,d4,2,0.22672492052927723,1,2026071702,surrogate,2.0,3375,4826809,-0.003442312432640688,-0.00344231243264066,2.7755575615628914e-17,8.063061142400977e-15,-0.006394136329881256,-0.0063941363298812655,9.540979117872439e-18,1.4921450881935774e-15,6.582259030848735,-0.0005229682418312242,0.0,1.349351971014123e-16,0.0,True
B_nonbandlimited_2x,2,2026071603,d4,2,0.22672492052927723,2,2026071703,surrogate,2.0,3375,4826809,0.0006439786378960147,0.0006439786378960181,3.469446951953614e-18,5.387518696720835e-15,-0.002307845259344553,-0.0023078452593445664,1.3444106938820255e-17,5.82539357194096e-15,6.582259030848735,9.783550523884226e-05,0.0,1.349351971014123e-16,0.0,True
B_nonbandlimited_2x,2,2026071603,d4,4,0.45344984105855446,-1,-1,reference,2.0,3375,4826809,0.0008712499287872382,0.0008712499287872399,1.6263032587282567e-18,1.8666323003228635e-15,0.0,0.0,0.0,0.0,0.9494689692662709,0.0009176181181155641,0.0,0.0,0.0,True
B_nonbandlimited_2x,2,2026071603,d4,4,0.45344984105855446,0,2026071701,surrogate,2.0,3375,4826809,-0.00012419993633070117,-0.00012419993633070012,1.0570971181733668e-18,8.511253301762454e-15,-0.0009954498651179393,-0.0009954498651179437,4.336808689942018e-18,4.3566319529594594e-15,0.9494689692662709,-0.0001308098951634819,0.0,0.0,0.0,True
B_nonbandlimited_2x,2,2026071603,d4,4,0.45344984105855446,1,2026071702,surrogate,2.0,3375,4826809,-0.002078793511193809,-0.0020787935111938093,4.336808689942018e-19,2.0862142712055494e-16,-0.002950043439981047,-0.00295004343998104,6.938893903907228e-18,2.3521327889164263e-15,0.9494689692662709,-0.0021894275415870156,0.0,0.0,0.0,True
B_nonbandlimited_2x,2,2026071603,d4,4,0.45344984105855446,2,2026071703,surrogate,2.0,3375,4826809,0.0003547215049682671,0.0003547215049682668,2.710505431213761e-19,7.641221051585918e-16,-0.0005165284238189712,-0.0005165284238189683,2.8189256484623115e-18,5.45744535725737e-15,0.9494689692662709,0.00037359989262459827,0.0,0.0,0.0,True
