audit,field_id,field_seed,derivative,filter_width_gridpoints,phase_id,phase_seed,case,padding_factor,A_physical,A_minus_2x
B_nonbandlimited_2x,0,2026071601,spectral,2,-1,-1,reference,1.0,0.00381730175849966,0.002054239629386956
B_nonbandlimited_2x,0,2026071601,spectral,2,-1,-1,reference,1.5,0.0017630621291127027,-1.734723475976807e-18
B_nonbandlimited_2x,0,2026071601,spectral,2,-1,-1,reference,2.0,0.0017630621291127044,0.0
B_nonbandlimited_2x,0,2026071601,spectral,2,0,2026071701,surrogate,1.0,0.0021887567219469814,0.003234191706021233
B_nonbandlimited_2x,0,2026071601,spectral,2,0,2026071701,surrogate,1.5,-0.0010454349840742486,3.2526065174565133e-18
B_nonbandlimited_2x,0,2026071601,spectral,2,0,2026071701,surrogate,2.0,-0.0010454349840742518,0.0
B_nonbandlimited_2x,0,2026071601,spectral,2,1,2026071702,surrogate,1.0,-0.0002489416004168741,-0.0010993578128750082
B_nonbandlimited_2x,0,2026071601,spectral,2,1,2026071702,surrogate,1.5,0.0008504162124581304,-3.686287386450715e-18
B_nonbandlimited_2x,0,2026071601,spectral,2,1,2026071702,surrogate,2.0,0.0008504162124581341,0.0
B_nonbandlimited_2x,0,2026071601,spectral,2,2,2026071703,surrogate,1.0,-0.004065019579288403,-0.0004225315976299866
B_nonbandlimited_2x,0,2026071601,spectral,2,2,2026071703,surrogate,1.5,-0.0036424879816584097,6.938893903907228e-18
B_nonbandlimited_2x,0,2026071601,spectral,2,2,2026071703,surrogate,2.0,-0.0036424879816584167,0.0
B_nonbandlimited_2x,0,2026071601,spectral,4,-1,-1,reference,1.0,-0.0007023126962001269,-3.1002070202780356e-05
B_nonbandlimited_2x,0,2026071601,spectral,4,-1,-1,reference,1.5,-0.000671310625997346,5.421010862427522e-19
B_nonbandlimited_2x,0,2026071601,spectral,4,-1,-1,reference,2.0,-0.0006713106259973466,0.0
B_nonbandlimited_2x,0,2026071601,spectral,4,0,2026071701,surrogate,1.0,-0.00041281684884622274,0.00020086197392156854
B_nonbandlimited_2x,0,2026071601,spectral,4,0,2026071701,surrogate,1.5,-0.0006136788227677908,4.336808689942018e-19
B_nonbandlimited_2x,0,2026071601,spectral,4,0,2026071701,surrogate,2.0,-0.0006136788227677913,0.0
B_nonbandlimited_2x,0,2026071601,spectral,4,1,2026071702,surrogate,1.0,-0.0005545603768247912,4.566675865306656e-05
B_nonbandlimited_2x,0,2026071601,spectral,4,1,2026071702,surrogate,1.5,-0.0006002271354778565,1.1926223897340549e-18
B_nonbandlimited_2x,0,2026071601,spectral,4,1,2026071702,surrogate,2.0,-0.0006002271354778577,0.0
B_nonbandlimited_2x,0,2026071601,spectral,4,2,2026071703,surrogate,1.0,-0.0016117917926391787,-0.0003032348419805119
B_nonbandlimited_2x,0,2026071601,spectral,4,2,2026071703,surrogate,1.5,-0.001308556950658665,1.734723475976807e-18
B_nonbandlimited_2x,0,2026071601,spectral,4,2,2026071703,surrogate,2.0,-0.0013085569506586668,0.0
B_nonbandlimited_2x,0,2026071601,d4,2,-1,-1,reference,1.0,0.002457466049659257,0.0010292465631040724
B_nonbandlimited_2x,0,2026071601,d4,2,-1,-1,reference,1.5,0.0014282194865551814,-3.0357660829594124e-18
B_nonbandlimited_2x,0,2026071601,d4,2,-1,-1,reference,2.0,0.0014282194865551845,0.0
B_nonbandlimited_2x,0,2026071601,d4,2,0,2026071701,surrogate,1.0,0.00045943860738660743,0.0020114399234542877
B_nonbandlimited_2x,0,2026071601,d4,2,0,2026071701,surrogate,1.5,-0.0015520013160676771,3.2526065174565133e-18
B_nonbandlimited_2x,0,2026071601,d4,2,0,2026071701,surrogate,2.0,-0.0015520013160676804,0.0
B_nonbandlimited_2x,0,2026071601,d4,2,1,2026071702,surrogate,1.0,-0.00014833302067269723,-0.0003988907622825337
B_nonbandlimited_2x,0,2026071601,d4,2,1,2026071702,surrogate,1.5,0.0002505577416098363,-1.6263032587282567e-19
B_nonbandlimited_2x,0,2026071601,d4,2,1,2026071702,surrogate,2.0,0.00025055774160983647,0.0
B_nonbandlimited_2x,0,2026071601,d4,2,2,2026071703,surrogate,1.0,-0.004288659541328392,-0.0005807393748613835
B_nonbandlimited_2x,0,2026071601,d4,2,2,2026071703,surrogate,1.5,-0.0037079201664670025,6.071532165918825e-18
B_nonbandlimited_2x,0,2026071601,d4,2,2,2026071703,surrogate,2.0,-0.0037079201664670085,0.0
B_nonbandlimited_2x,0,2026071601,d4,4,-1,-1,reference,1.0,-0.0007062487564645505,-3.3998741687172544e-05
B_nonbandlimited_2x,0,2026071601,d4,4,-1,-1,reference,1.5,-0.0006722500147773775,5.421010862427522e-19
B_nonbandlimited_2x,0,2026071601,d4,4,-1,-1,reference,2.0,-0.000672250014777378,0.0
B_nonbandlimited_2x,0,2026071601,d4,4,0,2026071701,surrogate,1.0,-0.00040561171781912516,0.00019852297386651772
B_nonbandlimited_2x,0,2026071601,d4,4,0,2026071701,surrogate,1.5,-0.0006041346916856425,4.336808689942018e-19
B_nonbandlimited_2x,0,2026071601,d4,4,0,2026071701,surrogate,2.0,-0.0006041346916856429,0.0
B_nonbandlimited_2x,0,2026071601,d4,4,1,2026071702,surrogate,1.0,-0.0005582649743919803,4.7166908729982283e-05
B_nonbandlimited_2x,0,2026071601,d4,4,1,2026071702,surrogate,1.5,-0.0006054318831219615,1.0842021724855044e-18
B_nonbandlimited_2x,0,2026071601,d4,4,1,2026071702,surrogate,2.0,-0.0006054318831219626,0.0
B_nonbandlimited_2x,0,2026071601,d4,4,2,2026071703,surrogate,1.0,-0.0015925151459318379,-0.00029569072501661026
B_nonbandlimited_2x,0,2026071601,d4,4,2,2026071703,surrogate,1.5,-0.0012968244209152259,1.734723475976807e-18
B_nonbandlimited_2x,0,2026071601,d4,4,2,2026071703,surrogate,2.0,-0.0012968244209152276,0.0
B_nonbandlimited_2x,1,2026071602,spectral,2,-1,-1,reference,1.0,0.006402300245163924,0.002695344794537095
B_nonbandlimited_2x,1,2026071602,spectral,2,-1,-1,reference,1.5,0.003706955450626825,-4.336808689942018e-18
B_nonbandlimited_2x,1,2026071602,spectral,2,-1,-1,reference,2.0,0.0037069554506268293,0.0
B_nonbandlimited_2x,1,2026071602,spectral,2,0,2026071701,surrogate,1.0,0.0026284182148994467,-0.0010367140015030865
B_nonbandlimited_2x,1,2026071602,spectral,2,0,2026071701,surrogate,1.5,0.0036651322164025306,-2.6020852139652106e-18
B_nonbandlimited_2x,1,2026071602,spectral,2,0,2026071701,surrogate,2.0,0.0036651322164025332,0.0
B_nonbandlimited_2x,1,2026071602,spectral,2,1,2026071702,surrogate,1.0,0.0065108069298115395,-0.00029045536414635045
B_nonbandlimited_2x,1,2026071602,spectral,2,1,2026071702,surrogate,1.5,0.006801262293957882,-7.806255641895632e-18
B_nonbandlimited_2x,1,2026071602,spectral,2,1,2026071702,surrogate,2.0,0.00680126229395789,0.0
B_nonbandlimited_2x,1,2026071602,spectral,2,2,2026071703,surrogate,1.0,-0.0032137693444831013,-0.000663654491012417
B_nonbandlimited_2x,1,2026071602,spectral,2,2,2026071703,surrogate,1.5,-0.0025501148534706804,3.903127820947816e-18
B_nonbandlimited_2x,1,2026071602,spectral,2,2,2026071703,surrogate,2.0,-0.0025501148534706843,0.0
B_nonbandlimited_2x,1,2026071602,spectral,4,-1,-1,reference,1.0,0.0010346869372778495,0.0004490553024600806
B_nonbandlimited_2x,1,2026071602,spectral,4,-1,-1,reference,1.5,0.0005856316348177686,-2.168404344971009e-19
B_nonbandlimited_2x,1,2026071602,spectral,4,-1,-1,reference,2.0,0.0005856316348177689,0.0
B_nonbandlimited_2x,1,2026071602,spectral,4,0,2026071701,surrogate,1.0,0.0009884638119500692,7.953228537861906e-05
B_nonbandlimited_2x,1,2026071602,spectral,4,0,2026071701,surrogate,1.5,0.0009089315265714489,-1.3010426069826053e-18
B_nonbandlimited_2x,1,2026071602,spectral,4,0,2026071701,surrogate,2.0,0.0009089315265714502,0.0
B_nonbandlimited_2x,1,2026071602,spectral,4,1,2026071702,surrogate,1.0,0.0007164942000501772,-9.250869925473803e-05
B_nonbandlimited_2x,1,2026071602,spectral,4,1,2026071702,surrogate,1.5,0.0008090028993049145,-7.589415207398531e-19
B_nonbandlimited_2x,1,2026071602,spectral,4,1,2026071702,surrogate,2.0,0.0008090028993049152,0.0
B_nonbandlimited_2x,1,2026071602,spectral,4,2,2026071703,surrogate,1.0,0.0003192434615266951,-0.00019087907409480736
B_nonbandlimited_2x,1,2026071602,spectral,4,2,2026071703,surrogate,1.5,0.0005101225356215012,-1.3010426069826053e-18
B_nonbandlimited_2x,1,2026071602,spectral,4,2,2026071703,surrogate,2.0,0.0005101225356215025,0.0
B_nonbandlimited_2x,1,2026071602,d4,2,-1,-1,reference,1.0,0.006160769510033516,0.0028446899519982034
B_nonbandlimited_2x,1,2026071602,d4,2,-1,-1,reference,1.5,0.003316079558035311,-1.734723475976807e-18
B_nonbandlimited_2x,1,2026071602,d4,2,-1,-1,reference,2.0,0.003316079558035313,0.0
B_nonbandlimited_2x,1,2026071602,d4,2,0,2026071701,surrogate,1.0,0.003006275425691444,-0.00018203750962588914
B_nonbandlimited_2x,1,2026071602,d4,2,0,2026071701,surrogate,1.5,0.0031883129353173327,-4.336808689942018e-19
B_nonbandlimited_2x,1,2026071602,d4,2,0,2026071701,surrogate,2.0,0.003188312935317333,0.0
B_nonbandlimited_2x,1,2026071602,d4,2,1,2026071702,surrogate,1.0,0.005495600472565048,-0.00011555785583402221
B_nonbandlimited_2x,1,2026071602,d4,2,1,2026071702,surrogate,1.5,0.005611158328399062,-7.806255641895632e-18
B_nonbandlimited_2x,1,2026071602,d4,2,1,2026071702,surrogate,2.0,0.00561115832839907,0.0
B_nonbandlimited_2x,1,2026071602,d4,2,2,2026071703,surrogate,1.0,-0.0017745175850386187,-0.0006742887085606614
B_nonbandlimited_2x,1,2026071602,d4,2,2,2026071703,surrogate,1.5,-0.0011002288764779546,2.6020852139652106e-18
B_nonbandlimited_2x,1,2026071602,d4,2,2,2026071703,surrogate,2.0,-0.0011002288764779572,0.0
B_nonbandlimited_2x,1,2026071602,d4,4,-1,-1,reference,1.0,0.0010132050848798584,0.0004358548579293741
B_nonbandlimited_2x,1,2026071602,d4,4,-1,-1,reference,1.5,0.0005773502269504837,-6.505213034913027e-19
B_nonbandlimited_2x,1,2026071602,d4,4,-1,-1,reference,2.0,0.0005773502269504844,0.0
B_nonbandlimited_2x,1,2026071602,d4,4,0,2026071701,surrogate,1.0,0.0009386729268738754,7.661141808836176e-05
B_nonbandlimited_2x,1,2026071602,d4,4,0,2026071701,surrogate,1.5,0.0008620615087855126,-9.75781955236954e-19
B_nonbandlimited_2x,1,2026071602,d4,4,0,2026071701,surrogate,2.0,0.0008620615087855136,0.0
B_nonbandlimited_2x,1,2026071602,d4,4,1,2026071702,surrogate,1.0,0.000694094460366713,-8.406951098737989e-05
B_nonbandlimited_2x,1,2026071602,d4,4,1,2026071702,surrogate,1.5,0.0007781639713540919,-9.75781955236954e-19
B_nonbandlimited_2x,1,2026071602,d4,4,1,2026071702,surrogate,2.0,0.0007781639713540929,0.0
B_nonbandlimited_2x,1,2026071602,d4,4,2,2026071703,surrogate,1.0,0.0003349529948560474,-0.00018962769156706017
B_nonbandlimited_2x,1,2026071602,d4,4,2,2026071703,surrogate,1.5,0.0005245806864231069,-6.505213034913027e-19
B_nonbandlimited_2x,1,2026071602,d4,4,2,2026071703,surrogate,2.0,0.0005245806864231076,0.0
B_nonbandlimited_2x,2,2026071603,spectral,2,-1,-1,reference,1.0,0.0031355739824139232,0.0004101331643139509
B_nonbandlimited_2x,2,2026071603,spectral,2,-1,-1,reference,1.5,0.0027254408180999675,-4.7704895589362195e-18
B_nonbandlimited_2x,2,2026071603,spectral,2,-1,-1,reference,2.0,0.0027254408180999723,0.0
B_nonbandlimited_2x,2,2026071603,spectral,2,0,2026071701,surrogate,1.0,0.002347422848580667,0.0009660832911256949
B_nonbandlimited_2x,2,2026071603,spectral,2,0,2026071701,surrogate,1.5,0.00138133955745497,-2.168404344971009e-18
B_nonbandlimited_2x,2,2026071603,spectral,2,0,2026071701,surrogate,2.0,0.0013813395574549722,0.0
B_nonbandlimited_2x,2,2026071603,spectral,2,1,2026071702,surrogate,1.0,-0.0002822558526061345,0.0026452069363098966
B_nonbandlimited_2x,2,2026071603,spectral,2,1,2026071702,surrogate,1.5,-0.0029274627889160263,4.7704895589362195e-18
B_nonbandlimited_2x,2,2026071603,spectral,2,1,2026071702,surrogate,2.0,-0.002927462788916031,0.0
B_nonbandlimited_2x,2,2026071603,spectral,2,2,2026071703,surrogate,1.0,0.0006128471949480166,-0.00025414955152834964
B_nonbandlimited_2x,2,2026071603,spectral,2,2,2026071703,surrogate,1.5,0.0008669967464763674,1.0842021724855044e-18
B_nonbandlimited_2x,2,2026071603,spectral,2,2,2026071703,surrogate,2.0,0.0008669967464763663,0.0
B_nonbandlimited_2x,2,2026071603,spectral,4,-1,-1,reference,1.0,0.0013023427252909837,0.0004086453528612253
B_nonbandlimited_2x,2,2026071603,spectral,4,-1,-1,reference,1.5,0.0008936973724297567,-1.734723475976807e-18
B_nonbandlimited_2x,2,2026071603,spectral,4,-1,-1,reference,2.0,0.0008936973724297584,0.0
B_nonbandlimited_2x,2,2026071603,spectral,4,0,2026071701,surrogate,1.0,-0.00017356603066053748,-5.774451597253333e-05
B_nonbandlimited_2x,2,2026071603,spectral,4,0,2026071701,surrogate,1.5,-0.00011582151468800371,4.336808689942018e-19
B_nonbandlimited_2x,2,2026071603,spectral,4,0,2026071701,surrogate,2.0,-0.00011582151468800415,0.0
B_nonbandlimited_2x,2,2026071603,spectral,4,1,2026071702,surrogate,1.0,-0.0016047534474935951,0.0004734934872255522
B_nonbandlimited_2x,2,2026071603,spectral,4,1,2026071702,surrogate,1.5,-0.002078246934719144,3.469446951953614e-18
B_nonbandlimited_2x,2,2026071603,spectral,4,1,2026071702,surrogate,2.0,-0.0020782469347191473,0.0
B_nonbandlimited_2x,2,2026071603,spectral,4,2,2026071703,surrogate,1.0,0.00019470880890505463,-0.0001596045821279945
B_nonbandlimited_2x,2,2026071603,spectral,4,2,2026071703,surrogate,1.5,0.00035431339103304864,-4.87890977618477e-19
B_nonbandlimited_2x,2,2026071603,spectral,4,2,2026071703,surrogate,2.0,0.00035431339103304913,0.0
B_nonbandlimited_2x,2,2026071603,d4,2,-1,-1,reference,1.0,0.0034895257275886823,0.0005377018303481147
B_nonbandlimited_2x,2,2026071603,d4,2,-1,-1,reference,1.5,0.002951823897240564,-3.469446951953614e-18
B_nonbandlimited_2x,2,2026071603,d4,2,-1,-1,reference,2.0,0.0029518238972405676,0.0
B_nonbandlimited_2x,2,2026071603,d4,2,0,2026071701,surrogate,1.0,0.000767427643835416,0.0006868030888597064
B_nonbandlimited_2x,2,2026071603,d4,2,0,2026071701,surrogate,1.5,8.062455497570949e-05,-5.421010862427522e-20
B_nonbandlimited_2x,2,2026071603,d4,2,0,2026071701,surrogate,2.0,8.062455497570955e-05,0.0
B_nonbandlimited_2x,2,2026071603,d4,2,1,2026071702,surrogate,1.0,-0.0011308398100707974,0.002311472622569891
B_nonbandlimited_2x,2,2026071603,d4,2,1,2026071702,surrogate,1.5,-0.0034423124326406814,6.5052130349130266e-18
B_nonbandlimited_2x,2,2026071603,d4,2,1,2026071702,surrogate,2.0,-0.003442312432640688,0.0
B_nonbandlimited_2x,2,2026071603,d4,2,2,2026071703,surrogate,1.0,0.0003758980754831416,-0.0002680805624128731
B_nonbandlimited_2x,2,2026071603,d4,2,2,2026071703,surrogate,1.5,0.0006439786378960157,9.75781955236954e-19
B_nonbandlimited_2x,2,2026071603,d4,2,2,2026071703,surrogate,2.0,0.0006439786378960147,0.0
B_nonbandlimited_2x,2,2026071603,d4,4,-1,-1,reference,1.0,0.0012782208348337371,0.0004069709060464989
B_nonbandlimited_2x,2,2026071603,d4,4,-1,-1,reference,1.5,0.0008712499287872365,-1.734723475976807e-18
B_nonbandlimited_2x,2,2026071603,d4,4,-1,-1,reference,2.0,0.0008712499287872382,0.0
B_nonbandlimited_2x,2,2026071603,d4,4,0,2026071701,surrogate,1.0,-0.00018495875705537064,-6.075882072466946e-05
B_nonbandlimited_2x,2,2026071603,d4,4,0,2026071701,surrogate,1.5,-0.0001241999363307012,-2.710505431213761e-20
B_nonbandlimited_2x,2,2026071603,d4,4,0,2026071701,surrogate,2.0,-0.00012419993633070117,0.0
B_nonbandlimited_2x,2,2026071603,d4,4,1,2026071702,surrogate,1.0,-0.0016067839670113593,0.00047200954418244955
B_nonbandlimited_2x,2,2026071603,d4,4,1,2026071702,surrogate,1.5,-0.0020787935111938054,3.469446951953614e-18
B_nonbandlimited_2x,2,2026071603,d4,4,1,2026071702,surrogate,2.0,-0.002078793511193809,0.0
B_nonbandlimited_2x,2,2026071603,d4,4,2,2026071703,surrogate,1.0,0.00019902694219566864,-0.00015569456277259844
B_nonbandlimited_2x,2,2026071603,d4,4,2,2026071703,surrogate,1.5,0.00035472150496826675,-3.2526065174565133e-19
B_nonbandlimited_2x,2,2026071603,d4,4,2,2026071703,surrogate,2.0,0.0003547215049682671,0.0
