case_type,case_label,seed,scale,n_frames,n_spatial_points,mean_Pi,std_Pi,normalized_mean_Pi,positive_fraction_Pi,sign_bias_Pi,n_samples_I_w5,mean_I_w5,std_I_w5,normalized_mean_I_w5,positive_fraction_I_w5,sign_bias_I_w5,n_samples_I_w10,mean_I_w10,std_I_w10,normalized_mean_I_w10,positive_fraction_I_w10,sign_bias_I_w10,n_samples_I_w20,mean_I_w20,std_I_w20,normalized_mean_I_w20,positive_fraction_I_w20,sign_bias_I_w20
dns_raw,dns_rep2_raw,,4,100,64000,0.0391065441071987,0.1472437977790832,0.2655904336688741,0.8308178125,0.3308178125,1280000,0.0003910654820809,0.0014381385531099,0.2719247608203761,0.8361015625,0.3361015625,640000,0.0007821309641619,0.0027176366917499,0.287798205895707,0.848875,0.348875,320000,0.0015642619283239,0.0047518966955562,0.3291868549639958,0.8778375,0.3778375
dns_raw,dns_rep2_raw,,8,100,13824,0.026933018118143,0.0697537064552307,0.3861159426048452,0.8699710648148148,0.3699710648148148,276480,0.0002693301570927,0.0006911194447029,0.389701315969339,0.871459056712963,0.371459056712963,138240,0.0005386603141855,0.0013467661288704,0.3999657421124153,0.8758029513888889,0.3758029513888888,69120,0.001077320628371,0.0024863013645691,0.43330251260901,0.8892505787037037,0.3892505787037037
reference_star32,reference_star32_rep2,,4,100,64000,0.0425821393728256,0.170863851904869,0.2492167822397791,0.79821390625,0.29821390625,1280000,0.000425821483034,0.0016676887143211,0.255336310294174,0.80380078125,0.30380078125,640000,0.000851642966068,0.0031472209719914,0.2706015795036849,0.81703125,0.31703125,320000,0.001703285932136,0.0054909543060878,0.3101985260098731,0.84799375,0.34799375
reference_star32,reference_star32_rep2,,8,100,13824,0.0296350512653589,0.0810318440198898,0.3657210523073471,0.8417599826388888,0.3417599826388888,276480,0.0002963505620163,0.0008026839718767,0.3691995510057309,0.8434136284722222,0.3434136284722222,138240,0.0005927011240327,0.0015629360339304,0.3792228927899574,0.8486979166666667,0.3486979166666667,69120,0.0011854022480655,0.0028806160414543,0.4115099794650366,0.8655671296296297,0.3655671296296297
surrogate,rep2_surrogate_2026072001,2026072001,4,100,64000,-0.0188750606030225,0.1810594350099563,-0.1042478708827554,0.47184171875,-0.0281582812499999,1280000,-0.0001887505509435,0.0017880159957096,-0.1055642406983335,0.4716828125,-0.0283171875,640000,-0.0003775011018871,0.0034663051703917,-0.1089059050863866,0.4707875,-0.0292124999999999,320000,-0.0007550022037742,0.0064344173332622,-0.1173380843470211,0.468459375,-0.0315406249999999
surrogate,rep2_surrogate_2026072001,2026072001,8,100,13824,-0.0317913182079792,0.2342611104249954,-0.1357089025587881,0.4545623553240741,-0.0454376446759259,276480,-0.0003179131588533,0.0023309773192216,-0.1363862085794364,0.4548140914351852,-0.0451859085648148,138240,-0.0006358263177066,0.0045975938946319,-0.1382954502460459,0.4542679398148148,-0.0457320601851851,69120,-0.0012716526354132,0.0088303378078041,-0.144009511650769,0.4566695601851852,-0.0433304398148148
surrogate,rep2_surrogate_2026072002,2026072002,4,100,64000,0.0202833395451307,0.1951729506254196,0.1039249521008624,0.5407728125,0.0407728124999999,1280000,0.00020283345611,0.0019287806994554,0.1051614920075188,0.5416015625,0.0416015625,640000,0.00040566691222,0.0037453309814547,0.108312700327092,0.5434765625,0.0434765624999999,320000,0.0008113338244401,0.0069766739444356,0.1162923523303341,0.546690625,0.0466906249999999
surrogate,rep2_surrogate_2026072002,2026072002,8,100,13824,0.0189010798931121,0.1821013689041137,0.103794276818779,0.5254890046296297,0.0254890046296296,276480,0.0001890108396783,0.0018077673921743,0.1045548451070154,0.5256727430555556,0.0256727430555555,138240,0.0003780216793566,0.0035430239941352,0.1066946427634544,0.5266710069444445,0.0266710069444444,69120,0.0007560433587132,0.0066609349218866,0.113504090278525,0.5267216435185185,0.0267216435185184
surrogate,rep2_surrogate_2026072003,2026072003,4,100,64000,-0.0187511555850505,0.217277780175209,-0.0863003827171373,0.4807315625,-0.0192684375,1280000,-0.0001875116377376,0.0021487455366403,-0.0872656322213003,0.48060234375,-0.01939765625,640000,-0.0003750232754752,0.0041787908884642,-0.0897444465360789,0.4804015625,-0.0195984375,320000,-0.0007500465509504,0.0078003038831714,-0.0961560680435325,0.47949375,-0.02050625
surrogate,rep2_surrogate_2026072003,2026072003,8,100,13824,-0.035824991762638,0.2233092486858368,-0.1604277116754737,0.4562825520833333,-0.0437174479166666,276480,-0.0003582499311211,0.002215719739264,-0.1616855799823096,0.4560908564814814,-0.0439091435185185,138240,-0.0007164998622423,0.0043348721113364,-0.1652874280578078,0.4561704282407407,-0.0438295717592592,69120,-0.0014329997244846,0.0081328495053985,-0.1761989722708399,0.453370949074074,-0.0466290509259259
surrogate,rep2_surrogate_2026072004,2026072004,4,100,64000,-0.0210727099329233,0.2626251876354217,-0.0802387239497249,0.47633953125,-0.0236604687499999,1280000,-0.0002107270302474,0.0026008576362806,-0.0810221318183137,0.47609609375,-0.0239039062499999,640000,-0.0004214540604948,0.00507509823886,-0.0830435275651875,0.4751234375,-0.0248765624999999,320000,-0.0008429081209896,0.0095475618629725,-0.0882851698776192,0.47400625,-0.0259937499999999
surrogate,rep2_surrogate_2026072004,2026072004,8,100,13824,-0.1513230353593826,0.3670909702777862,-0.4122221672869615,0.3458514178240741,-0.1541485821759259,276480,-0.0015132299420578,0.0036559669663329,-0.4139068968600804,0.3451605902777778,-0.1548394097222222,138240,-0.0030264598841157,0.0072300497155704,-0.4185946159675768,0.3416883680555556,-0.1583116319444444,69120,-0.0060529197682314,0.0139704965879936,-0.4332644677379149,0.3323061342592592,-0.1676938657407407
surrogate,rep2_surrogate_2026072005,2026072005,4,100,64000,0.0121483858674764,0.2023886889219284,0.0600250237905474,0.5138575,0.0138574999999999,1280000,0.0001214838529881,0.0019998030338133,0.0607479091360744,0.51385078125,0.01385078125,640000,0.0002429677059762,0.0038828245083944,0.0625749903069249,0.514278125,0.014278125,320000,0.0004859354119525,0.0072418852241414,0.0671006784714895,0.51355625,0.01355625
surrogate,rep2_surrogate_2026072005,2026072005,8,100,13824,0.0409628339111804,0.2977973520755768,0.1375527137017145,0.5369357638888889,0.0369357638888888,276480,0.0004096283461199,0.0029637396406188,0.1382133371318686,0.5372504340277777,0.0372504340277777,138240,0.0008192566922398,0.0058491194587267,0.1400649615759814,0.5375217013888889,0.0375217013888888,69120,0.0016385133844797,0.011236446473929,0.1458213135515287,0.5385416666666667,0.0385416666666666
surrogate,rep2_surrogate_2026072006,2026072006,4,100,64000,0.0094663547351956,0.2111756801605224,0.044826917228347,0.5080840625,0.0080840625,1280000,9.466355327838284e-05,0.0020889194123824,0.0453169962982995,0.50828828125,0.00828828125,640000,0.0001893271065567,0.0040660264138664,0.0465631767445242,0.508871875,0.0088718749999999,320000,0.0003786542131135,0.0076146109103467,0.0497273225870299,0.509209375,0.0092093749999999
surrogate,rep2_surrogate_2026072006,2026072006,8,100,13824,0.1240248531103134,0.3081062734127044,0.4025392009600002,0.6501294849537037,0.1501294849537037,276480,0.0012402484268335,0.0030674094965068,0.4043308949280875,0.6510850694444444,0.1510850694444444,138240,0.002480496853667,0.0060580096625714,0.4094573947269289,0.6527994791666667,0.1527994791666667,69120,0.0049609937073341,0.0116569838940925,0.4255812440341675,0.6618923611111112,0.1618923611111111
surrogate,rep2_surrogate_2026072007,2026072007,4,100,64000,-0.0070787211880087,0.2178744822740554,-0.0324899048026411,0.48358375,-0.01641625,1280000,-7.078721587391747e-05,0.0021560974579364,-0.032831176352142,0.4831640625,-0.0168359375,640000,-0.0001415744317478,0.0042013992704163,-0.0336969715648581,0.483228125,-0.0167718749999999,320000,-0.0002831488634956,0.0078767586238265,-0.0359473835644993,0.480771875,-0.0192281249999999
surrogate,rep2_surrogate_2026072007,2026072007,8,100,13824,0.0236387141048908,0.3112788200378418,0.0759406441531007,0.4887319155092592,-0.0112680844907407,276480,0.00023638711331,0.0031007779420791,0.0762347764740516,0.4882848668981481,-0.0117151331018518,138240,0.0004727742266201,0.0061348627664461,0.0770635374610053,0.4872106481481481,-0.0127893518518518,69120,0.0009455484532403,0.0118818293275806,0.0795793667095902,0.4840711805555555,-0.0159288194444444
surrogate,rep2_surrogate_2026072008,2026072008,4,100,64000,0.0201683416962623,0.2005249708890915,0.1005777066409214,0.54274984375,0.04274984375,1280000,0.000201683379891,0.0019826694632965,0.1017231483233307,0.5432625,0.0432624999999999,640000,0.0004033667597821,0.0038554717638872,0.1046218944099886,0.5448296875,0.0448296875,320000,0.0008067335195642,0.0071983985481348,0.1120712494827382,0.547853125,0.047853125
surrogate,rep2_surrogate_2026072008,2026072008,8,100,13824,0.0398010872304439,0.2351536005735397,0.1692556998207515,0.5854275173611111,0.0854275173611111,276480,0.0003980109127877,0.0023379943923318,0.1702360425213598,0.5858723958333333,0.0858723958333332,138240,0.0007960218255754,0.0046020927906079,0.1729695296887452,0.5873263888888889,0.0873263888888888,69120,0.0015920436511508,0.0087398140526677,0.1821598996908737,0.5907262731481482,0.0907262731481481
surrogate,rep2_surrogate_2026072009,2026072009,4,100,64000,0.0424261912703514,0.2031373679637909,0.2088546863416771,0.56983609375,0.06983609375,1280000,0.0004242618076044,0.0020087652124591,0.2112052742515656,0.5706859375,0.0706859374999999,640000,0.0008485236152088,0.0039083538608845,0.2171051151997931,0.5732,0.0732,320000,0.0016970472304177,0.0073419291556455,0.2311445935313674,0.57930625,0.07930625
surrogate,rep2_surrogate_2026072009,2026072009,8,100,13824,0.1522224247455597,0.3096456229686737,0.49160205555678,0.6941167534722222,0.1941167534722222,276480,0.0015222243543049,0.0030823064637668,0.4938588593311666,0.6950484664351851,0.1950484664351851,138240,0.0030444487086099,0.0060857629394643,0.5002575254562837,0.6979600694444444,0.1979600694444444,69120,0.0060888974172199,0.0117231531935445,0.5193907574775091,0.7067563657407407,0.2067563657407407
surrogate,rep2_surrogate_2026072010,2026072010,4,100,64000,-0.026440454646945,0.2087301015853881,-0.12667293526961,0.44955171875,-0.05044828125,1280000,-0.0002644046799453,0.0020640692391343,-0.128098745396863,0.44880390625,-0.05119609375,640000,-0.0005288093598907,0.0040138430227601,-0.1317463978765928,0.446928125,-0.0530718749999999,320000,-0.0010576187197814,0.0074908500096201,-0.1411880785789629,0.441803125,-0.0581968749999999
surrogate,rep2_surrogate_2026072010,2026072010,8,100,13824,-0.1012394204735755,0.2841070294380188,-0.3563425399006614,0.323833912037037,-0.1761660879629629,276480,-0.0010123942923537,0.0028265784868167,-0.3581695314938503,0.3228226273148148,-0.1771773726851851,138240,-0.0020247885847075,0.0055719217687826,-0.3633914237726072,0.3194661458333333,-0.1805338541666666,69120,-0.004049577169415,0.010684271697241,-0.3790222940942911,0.311255787037037,-0.1887442129629629
surrogate,rep2_surrogate_2026072011,2026072011,4,100,64000,-0.0065960260108113,0.1876554489135742,-0.0351496641797444,0.49777546875,-0.0022245312499999,1280000,-6.596031151982358e-05,0.0018542279578796,-0.0355729246986706,0.49801796875,-0.00198203125,640000,-0.0001319206230396,0.0035988001200464,-0.0366568352337235,0.4973953125,-0.0026046874999999,320000,-0.0002638412460792,0.0067075935473303,-0.039334709865404,0.496575,-0.003425
surrogate,rep2_surrogate_2026072011,2026072011,8,100,13824,-0.0138423694297671,0.191462442278862,-0.0722980928531452,0.4987123842592592,-0.0012876157407407,276480,-0.0001384236960415,0.0019012892378144,-0.0728051751877105,0.4982277199074074,-0.0017722800925926,138240,-0.0002768473920831,0.0037279713438669,-0.0742622103409216,0.4976345486111111,-0.0023654513888888,69120,-0.0005536947841663,0.0070249653507395,-0.0788181516237743,0.4947627314814815,-0.0052372685185185
surrogate,rep2_surrogate_2026072012,2026072012,4,100,64000,0.0250444523990154,0.1870169788599014,0.133915393948144,0.54043125,0.04043125,1280000,0.000250444479393,0.0018484670243903,0.1354876641500503,0.5409953125,0.0409953124999999,640000,0.000500888958786,0.0035926229618856,0.1394215212951779,0.541984375,0.0419843749999999,320000,0.0010017779175721,0.0067087942341229,0.1493230948233331,0.545940625,0.0459406249999999
surrogate,rep2_surrogate_2026072012,2026072012,8,100,13824,0.1076542139053344,0.2202951461076736,0.4886817336080402,0.6950079571759259,0.1950079571759259,276480,0.0010765424967205,0.0021912110378988,0.4913002344826092,0.6963614004629629,0.1963614004629629,138240,0.0021530849934411,0.0043174290729556,0.4986960890517082,0.69921875,0.19921875,69120,0.0043061699868822,0.0082652185451407,0.5209989262067272,0.7119936342592592,0.2119936342592592
surrogate,rep2_surrogate_2026072013,2026072013,4,100,64000,-0.020327765494585,0.2179784327745437,-0.0932558567186789,0.46619546875,-0.0338045312499999,1280000,-0.0002032776154576,0.0021566627182755,-0.0942556356796204,0.4655875,-0.0344125,640000,-0.0004065552309152,0.0042006307715293,-0.0967843290752228,0.4640140625,-0.0359859375,320000,-0.0008131104618304,0.0078929108443529,-0.1030178191373022,0.460796875,-0.039203125
surrogate,rep2_surrogate_2026072013,2026072013,8,100,13824,-0.0886967331171035,0.3704688847064972,-0.2394174970655721,0.429947193287037,-0.0700528067129629,276480,-0.0008869673389743,0.0036898688356368,-0.2403790970584191,0.4295392071759259,-0.070460792824074,138240,-0.0017739346779487,0.0072964021878702,-0.2431245745879809,0.4297309027777777,-0.0702690972222222,69120,-0.0035478693558975,0.0141389273435508,-0.2509291737407385,0.4268373842592592,-0.0731626157407407
surrogate,rep2_surrogate_2026072014,2026072014,4,100,64000,0.0218599438667297,0.2084233164787292,0.1048824298358224,0.54436734375,0.0443673437499999,1280000,0.0002185994356702,0.0020613628176506,0.1060460748580718,0.544784375,0.0447843749999999,640000,0.0004371988713404,0.0040114140938974,0.1089887159756394,0.5461859375,0.0461859374999999,320000,0.0008743977426809,0.0075067323459278,0.1164818062489281,0.54976875,0.04976875
surrogate,rep2_surrogate_2026072014,2026072014,8,100,13824,0.0418198481202125,0.3072589039802551,0.1361062204495136,0.5557342303240741,0.0557342303240741,276480,0.0004181985064555,0.003060661272437,0.1366366511125154,0.5558557581018518,0.0558557581018518,138240,0.0008363970129111,0.0060550734822358,0.1381316040779569,0.5575882523148148,0.0575882523148147,69120,0.0016727940258222,0.0117263599184915,0.1426524545937229,0.5585069444444445,0.0585069444444444
surrogate,rep2_surrogate_2026072015,2026072015,4,100,64000,0.0260531306266784,0.1769845634698867,0.1472056665049848,0.56130921875,0.0613092187499999,1280000,0.0002605311784509,0.0017480896834618,0.1490376500220455,0.5623875,0.0623875,640000,0.0005210623569018,0.0033902381060437,0.1536949148123202,0.5644671875,0.0644671875,320000,0.0010421247138037,0.0063047134850638,0.1652929536405724,0.569284375,0.0692843749999999
surrogate,rep2_surrogate_2026072015,2026072015,8,100,13824,0.0517717190086841,0.193023219704628,0.2682149799796488,0.6069372106481481,0.1069372106481481,276480,0.0005177171951996,0.0019194667037548,0.2697192893145229,0.6073169849537037,0.1073169849537036,138240,0.0010354343903993,0.003780692024381,0.2738743023028514,0.6085865162037037,0.1085865162037037,69120,0.0020708687807986,0.0072289066054856,0.2864705402649851,0.615625,0.1156249999999999
surrogate,rep2_surrogate_2026072016,2026072016,4,100,64000,-0.0134705752134323,0.2291353493928909,-0.0587887257427694,0.49955921875,-0.00044078125,1280000,-0.0001347057054401,0.0022669568788118,-0.0594213796914986,0.4998484375,-0.0001515624999999,640000,-0.0002694114108802,0.0044141371925603,-0.0610337647262849,0.4996609375,-0.0003390624999999,320000,-0.0005388228217605,0.0082610507823954,-0.0652244897112586,0.501646875,0.001646875
surrogate,rep2_surrogate_2026072016,2026072016,8,100,13824,0.0151989534497261,0.3450508117675781,0.0440484500583175,0.5677842881944445,0.0677842881944444,276480,0.0001519895381351,0.0034368044190514,0.0442240871469416,0.5685908564814814,0.0685908564814814,138240,0.0003039790762702,0.0067974526199314,0.0447195579383555,0.5694733796296296,0.0694733796296296,69120,0.0006079581525405,0.0131654033942315,0.0461784674829544,0.5746961805555556,0.0746961805555556
surrogate,rep2_surrogate_2026072017,2026072017,4,100,64000,0.0014828834682703,0.1802290081977844,0.0082277735593094,0.49846671875,-0.00153328125,1280000,1.4828797313623305e-05,0.0017794234125624,0.0083334844359886,0.498609375,-0.0013906249999999,640000,2.965759462724663e-05,0.003448198833151,0.0086008945720059,0.498890625,-0.001109375,320000,5.931518925449329e-05,0.0063901832807563,0.0092822359936243,0.50021875,0.00021875
surrogate,rep2_surrogate_2026072017,2026072017,8,100,13824,-0.002846275921911,0.1908246427774429,-0.0149156622566331,0.5005649594907408,0.0005649594907407,276480,-2.84627422286045e-05,0.0018947488060331,-0.0150219079901119,0.5005967881944444,0.0005967881944444,138240,-5.6925484457209024e-05,0.0037155509233944,-0.015320873170863,0.5012948495370371,0.001294849537037,69120,-0.0001138509689144,0.0070276064345979,-0.0162005328519697,0.4994936342592592,-0.0005063657407407
surrogate,rep2_surrogate_2026072018,2026072018,4,100,64000,0.0325060710310936,0.2082408666610717,0.1560984236778065,0.5542340625,0.0542340624999999,1280000,0.000325060795101,0.0020602889704639,0.1577743703728326,0.5551171875,0.0551171875,640000,0.000650121590202,0.004012671051906,0.1620171655718609,0.55708125,0.0570812499999999,320000,0.0013002431804041,0.0075385754802429,0.1724786312496081,0.560946875,0.0609468749999999
surrogate,rep2_surrogate_2026072018,2026072018,8,100,13824,0.0187533237040042,0.2129409313201904,0.0880681961318451,0.5428197337962963,0.0428197337962963,276480,0.0001875332113434,0.0021157650695828,0.0886361222422411,0.5431061921296296,0.0431061921296296,138240,0.0003750664226868,0.0041566859466061,0.0902320809184654,0.5434027777777778,0.0434027777777777,69120,0.0007501328453736,0.007881801460555,0.0951727659124267,0.5471932870370371,0.047193287037037
surrogate,rep2_surrogate_2026072019,2026072019,4,100,64000,-0.0368143618106842,0.1868380457162857,-0.1970388936019324,0.42407859375,-0.0759214062499999,1280000,-0.0003681434841687,0.0018463051406689,-0.1993947132895628,0.422534375,-0.0774656249999999,640000,-0.0007362869683374,0.0035859193646832,-0.2053272518029691,0.4191453125,-0.0808546875,320000,-0.0014725739366749,0.0066830423426489,-0.2203448461305492,0.411359375,-0.0886406249999999
surrogate,rep2_surrogate_2026072019,2026072019,8,100,13824,-0.0558938086032867,0.2093500792980194,-0.2669872817373971,0.3771043113425926,-0.1228956886574074,276480,-0.0005589380688505,0.0020811880803881,-0.2685668220559478,0.3759620949074074,-0.1240379050925926,138240,-0.0011178761377011,0.0040935789317713,-0.2730803915920636,0.3718315972222222,-0.1281684027777778,69120,-0.0022357522754022,0.0077809534009588,-0.2873365460750308,0.360228587962963,-0.139771412037037
surrogate,rep2_surrogate_2026072020,2026072020,4,100,64000,-0.024348409846425,0.21027772128582,-0.1157916763484871,0.46211390625,-0.03788609375,1280000,-0.0002434839691143,0.002080261326651,-0.1170448952710538,0.4616703125,-0.0383296874999999,640000,-0.0004869679382286,0.0040512731859924,-0.1202012098103694,0.460375,-0.039625,320000,-0.0009739358764571,0.0075918018421619,-0.1282878421626256,0.457853125,-0.0421468749999999
surrogate,rep2_surrogate_2026072020,2026072020,8,100,13824,-0.1189602017402648,0.3435423672199249,-0.3462751994839412,0.372179542824074,-0.1278204571759259,276480,-0.0011896022261392,0.0034215173588673,-0.3476826511068784,0.3714192708333333,-0.1285807291666666,138240,-0.0023792044522784,0.0067663531442548,-0.3516228611713167,0.3696397569444444,-0.1303602430555555,69120,-0.0047584089045568,0.0130391028381164,-0.3649337660446119,0.3659577546296296,-0.1340422453703703
surrogate,rep2_surrogate_2026072021,2026072021,4,100,64000,0.0285217408090829,0.1771617978811264,0.1609926132507458,0.55627125,0.0562712499999999,1280000,0.0002852173244838,0.0017491555653563,0.1630600102888705,0.55710078125,0.0571007812499999,640000,0.0005704346489676,0.0033885956132647,0.1683395465468612,0.5596265625,0.0596265624999999,320000,0.0011408692979353,0.0062746933561985,0.1818207254396481,0.5658125,0.0658125
surrogate,rep2_surrogate_2026072021,2026072021,8,100,13824,0.1229267045855522,0.2283492982387542,0.5383274900938133,0.7301699942129629,0.2301699942129629,276480,0.0012292672768452,0.0022682267913031,0.5419507791542253,0.7316840277777777,0.2316840277777777,138240,0.0024585345536904,0.0044526006389246,0.5521569871319616,0.7372540509259259,0.2372540509259258,69120,0.0049170691073809,0.0084145560235212,0.5843527684213213,0.7517795138888889,0.2517795138888888
surrogate,rep2_surrogate_2026072022,2026072022,4,100,64000,0.0186454281210899,0.2272976487874984,0.0820308886631802,0.5123434375,0.0123434374999999,1280000,0.0001864542165337,0.0022500333908861,0.08286731089812,0.51243984375,0.0124398437499999,640000,0.0003729084330674,0.0043871731004884,0.0849997081323069,0.5126546875,0.0126546874999999,320000,0.0007458168661348,0.008253611378684,0.0903624888447035,0.51314375,0.01314375
surrogate,rep2_surrogate_2026072022,2026072022,8,100,13824,-0.0526632629334926,0.1862534433603286,-0.2827505466924954,0.3543959780092592,-0.1456040219907407,276480,-0.0005266325347559,0.0018496011012148,-0.2847276282491851,0.3535626446759259,-0.1464373553240741,138240,-0.0010532650695119,0.0036272210493052,-0.2903779657194367,0.3503616898148148,-0.1496383101851852,69120,-0.0021065301390239,0.0068451684691573,-0.3077397069941278,0.3436342592592593,-0.1563657407407407
surrogate,rep2_surrogate_2026072023,2026072023,4,100,64000,-0.0031651800964027,0.1914064437150955,-0.0165364343799943,0.49332953125,-0.0066704687499999,1280000,-3.1651808054594014e-05,0.0018924559273876,-0.0167252550490228,0.49333828125,-0.0066617187499999,640000,-6.330361610918804e-05,0.0036799330026274,-0.0172023827781617,0.493234375,-0.0067656249999999,320000,-0.0001266072322183,0.0068806707107432,-0.0184004201829766,0.492484375,-0.007515625
surrogate,rep2_surrogate_2026072023,2026072023,8,100,13824,-0.0517401359975338,0.2108807116746902,-0.2453526241762186,0.3994017650462963,-0.1005982349537036,276480,-0.0005174013022188,0.0020966852364037,-0.2467710904981944,0.399048755787037,-0.1009512442129629,138240,-0.0010348026044376,0.0041255033021314,-0.2508306329322308,0.3981843171296296,-0.1018156828703703,69120,-0.0020696052088753,0.0078627880954722,-0.2632151831825504,0.3974681712962963,-0.1025318287037037
surrogate,rep2_surrogate_2026072024,2026072024,4,100,64000,-0.0014216522686183,0.1747909486293792,-0.0081334432919222,0.49480546875,-0.00519453125,1280000,-1.4216515675221797e-05,0.0017262263642199,-0.008235603377339,0.49463203125,-0.00536796875,640000,-2.8433031350443597e-05,0.0033485843201586,-0.0084910602905458,0.494521875,-0.005478125,320000,-5.686606270088722e-05,0.0062199157948811,-0.0091425775808229,0.4941375,-0.0058624999999999
surrogate,rep2_surrogate_2026072024,2026072024,8,100,13824,-0.0358709506690502,0.2003559023141861,-0.1790361564332631,0.4199884259259259,-0.080011574074074,276480,-0.0003587095067937,0.0019905617461774,-0.1802051644379378,0.4199254918981481,-0.0800745081018518,138240,-0.0007174190135875,0.0039106697351053,-0.1834517006505085,0.4182798032407407,-0.0817201967592592,69120,-0.001434838027175,0.0074253627883559,-0.1932347372205337,0.4162471064814815,-0.0837528935185185
