statistic_type,scale,window_frames,metric,n_seeds,surrogate_mean,surrogate_std,surrogate_median,surrogate_min,surrogate_max,surrogate_q025,surrogate_q25,surrogate_q75,surrogate_q975,dns_value,dns_minus_surrogate_mean,z_dns_vs_surrogate,n_surrogate_ge_dns,empirical_p_greater
finite_time,4,5,normalized_mean_I,32,-0.01220895880853915,0.02980603338237523,-0.0109033689999399,-0.0771352952590238,0.0397305159107076,-0.06500471482149482,-0.0318747155864426,0.0092815205415328,0.030880267785746558,0.375608814817391,0.3878177736259302,13.011384931725026,0,0.030303030303030304
finite_time,4,5,sign_bias_I,32,-0.0041405029296875,0.012300335495272752,-0.00210781249999995,-0.0303109375,0.0144765624999999,-0.02627306640624992,-0.013231054687499924,0.004856054687499925,0.014038203124999976,0.33879140625,0.34293190917968747,27.879882569990272,0,0.030303030303030304
finite_time,4,10,normalized_mean_I,32,-0.013354396484817545,0.03264366923505792,-0.011941202561227049,-0.0848086162596755,0.043519212818349,-0.07122230090130587,-0.0349306527210844,0.010158584744964625,0.03386259888919792,0.4109350816742788,0.42428947815909634,12.997603765186648,0,0.030303030303030304
finite_time,4,10,sign_bias_I,32,-0.004623339843749991,0.01362074090875607,-0.00180859374999995,-0.0337828124999999,0.014765625,-0.02991265624999998,-0.014135156249999899,0.005166796874999975,0.01476078125,0.3712124999999999,0.3758358398437499,27.592907196564063,0,0.030303030303030304
finite_time,4,20,normalized_mean_I,32,-0.016002088080076745,0.03920469760592696,-0.0143324637721322,-0.1023434215348736,0.0523893395825844,-0.08624269609563077,-0.04192173030576547,0.012173506107393376,0.040676689506833195,0.486184861204998,0.5021869492850747,12.80935652999793,0,0.030303030303030304
finite_time,4,20,sign_bias_I,32,-0.005462499999999995,0.016201860728898638,-0.00107031249999993,-0.0434375,0.017328125,-0.036009609374999925,-0.017264843749999925,0.007728906249999975,0.016536171874999922,0.421725,0.4271875,26.3665703062144,0,0.030303030303030304
finite_time,8,5,normalized_mean_I,32,-0.04597137809182633,0.10267878148742768,-0.04427342999148675,-0.2621909645280838,0.1950514431897301,-0.2376292895599492,-0.10273154424136492,0.0147676569544143,0.1484211168494683,0.5580969232225035,0.6040683013143298,5.883087942451809,0,0.030303030303030304
finite_time,8,5,sign_bias_I,32,-0.018118964301215255,0.03909925367516954,-0.01367187499999995,-0.1077076099537037,0.0688621238425926,-0.08405508535879627,-0.047345196759259175,0.010955584490740626,0.04550672743055548,0.3746817129629629,0.3928006772641781,10.046244885580284,0,0.030303030303030304
finite_time,8,10,normalized_mean_I,32,-0.04822617258426554,0.10790974246500543,-0.046605709633105,-0.2757103888815402,0.2057936994819135,-0.2508454621342184,-0.10696350416531697,0.01549397665830145,0.15606287974346356,0.5805988592482167,0.6288250318324823,5.827323997519566,0,0.030303030303030304
finite_time,8,10,sign_bias_I,32,-0.019495533130787026,0.041604399970003106,-0.01544415509259255,-0.1156973379629629,0.0736472800925925,-0.09000976562499996,-0.048916739004629554,0.010866970486111125,0.04780834056712949,0.3950376157407407,0.4145331488715277,9.96368531141916,0,0.030303030303030304
finite_time,8,20,normalized_mean_I,32,-0.054677207324236234,0.12273096357615733,-0.05316738884534435,-0.3142698747724688,0.2366874786832448,-0.2869262003653491,-0.11878091154195441,0.017630830768487624,0.17736409608301262,0.6484806802951405,0.7031578876193767,5.729262340412176,0,0.030303030303030304
finite_time,8,20,sign_bias_I,32,-0.02317256221064813,0.04896363185032893,-0.0210431134259259,-0.1337673611111111,0.0883680555555556,-0.10838252314814809,-0.055942563657407324,0.01167534722222225,0.05716399016203691,0.4359519675925926,0.4591245298032407,9.376847926777236,0,0.030303030303030304
instantaneous,4,0,normalized_mean_Pi,32,-0.01172510564889546,0.028608958505749234,-0.0104646309401331,-0.0738849363927016,0.0381282472155316,-0.062387802282316045,-0.030594759487888548,0.0089094281301386,0.029621222149350687,0.3594001951879743,0.37112530083686973,12.972345734371585,0,0.030303030303030304
instantaneous,4,0,sign_bias_Pi,32,-0.0039535205078124755,0.0116724570430177,-0.00205867187499995,-0.0284671874999999,0.0142356249999999,-0.02477237499999998,-0.0127471093749999,0.0046658203125,0.013481695312499976,0.31901,0.3229635205078125,27.668854922109546,0,0.030303030303030304
instantaneous,8,0,normalized_mean_Pi,32,-0.04513996417337769,0.10076091838559108,-0.0434065708168061,-0.2573114796979304,0.1911701733658388,-0.23268452905159592,-0.10114916690351558,0.014506045243176675,0.14562134933270948,0.550021055530284,0.5951610197036618,5.906665294832907,0,0.030303030303030304
instantaneous,8,0,sign_bias_Pi,32,-0.01769601327401618,0.03813812283619655,-0.01329390914351845,-0.1049088541666666,0.0666753472222222,-0.0818556315104166,-0.04624258535879627,0.010609809027777774,0.04415190972222213,0.3652199074074074,0.38291592068142355,10.040240373813088,0,0.030303030303030304
